feature,importancia_nativa,tipo_importancia
tipo_pista_Simples,0.104218,feature_importances_ (impureza/gain)
br_324.0,0.023225665,feature_importances_ (impureza/gain)
fase_dia_Pleno dia,0.018327085,feature_importances_ (impureza/gain)
sentido_via_Não Informado,0.011678423,feature_importances_ (impureza/gain)
uf_RS,0.011339563,feature_importances_ (impureza/gain)
uf_PR,0.010885824,feature_importances_ (impureza/gain)
br_116.0,0.010500056,feature_importances_ (impureza/gain)
latitude,0.010463555,feature_importances_ (impureza/gain)
uf_SP,0.010438125,feature_importances_ (impureza/gain)
br_valido,0.010388663,feature_importances_ (impureza/gain)
tracado_rotatoria,0.009938463,feature_importances_ (impureza/gain)
br___missing__,0.009839606,feature_importances_ (impureza/gain)
municipio_freq,0.009787705,feature_importances_ (impureza/gain)
km_valido,0.009517461,feature_importances_ (impureza/gain)
uf_RJ,0.009302343,feature_importances_ (impureza/gain)
uf_DF,0.008351447,feature_importances_ (impureza/gain)
fase_dia_Plena Noite,0.008185245,feature_importances_ (impureza/gain)
uf_ES,0.008052463,feature_importances_ (impureza/gain)
uf_SC,0.007875928,feature_importances_ (impureza/gain)
br_470.0,0.00774635,feature_importances_ (impureza/gain)
uf_MA,0.0076512056,feature_importances_ (impureza/gain)
br_381.0,0.007475739,feature_importances_ (impureza/gain)
br_316.0,0.0073612886,feature_importances_ (impureza/gain)
br_304.0,0.007044966,feature_importances_ (impureza/gain)
br_376.0,0.0068063345,feature_importances_ (impureza/gain)
uf_PA,0.0065039177,feature_importances_ (impureza/gain)
br_101.0,0.00641133,feature_importances_ (impureza/gain)
tipo_pista_Dupla,0.0063547585,feature_importances_ (impureza/gain)
longitude,0.006275024,feature_importances_ (impureza/gain)
br_153.0,0.0061272043,feature_importances_ (impureza/gain)
br_356.0,0.006119888,feature_importances_ (impureza/gain)
br_308.0,0.00606101,feature_importances_ (impureza/gain)
br_267.0,0.0060595716,feature_importances_ (impureza/gain)
br_369.0,0.0060241204,feature_importances_ (impureza/gain)
br_40.0,0.005997415,feature_importances_ (impureza/gain)
br_364.0,0.005995081,feature_importances_ (impureza/gain)
br_435.0,0.0059801447,feature_importances_ (impureza/gain)
br_50.0,0.0059433836,feature_importances_ (impureza/gain)
br_163.0,0.005878423,feature_importances_ (impureza/gain)
uf_PE,0.00587515,feature_importances_ (impureza/gain)
br_367.0,0.005824952,feature_importances_ (impureza/gain)
br_287.0,0.0057478943,feature_importances_ (impureza/gain)
tipo_pista_Múltipla,0.0057403175,feature_importances_ (impureza/gain)
br_262.0,0.005699871,feature_importances_ (impureza/gain)
hora_cos,0.0056290845,feature_importances_ (impureza/gain)
br_476.0,0.005612137,feature_importances_ (impureza/gain)
br_232.0,0.005590605,feature_importances_ (impureza/gain)
br_282.0,0.0055594733,feature_importances_ (impureza/gain)
uf_MG,0.005550677,feature_importances_ (impureza/gain)
br_104.0,0.005490297,feature_importances_ (impureza/gain)
br_251.0,0.005467411,feature_importances_ (impureza/gain)
br_427.0,0.005414194,feature_importances_ (impureza/gain)
tracado_declive,0.0053918967,feature_importances_ (impureza/gain)
uf_MT,0.0053712255,feature_importances_ (impureza/gain)
br_373.0,0.0053147264,feature_importances_ (impureza/gain)
br_472.0,0.0052992636,feature_importances_ (impureza/gain)
br_235.0,0.005298699,feature_importances_ (impureza/gain)
br_280.0,0.005291872,feature_importances_ (impureza/gain)
br_468.0,0.00524266,feature_importances_ (impureza/gain)
uf_RR,0.0052033095,feature_importances_ (impureza/gain)
br_407.0,0.0051754373,feature_importances_ (impureza/gain)
br_354.0,0.0051563643,feature_importances_ (impureza/gain)
uf_RN,0.0051518455,feature_importances_ (impureza/gain)
br_259.0,0.005107027,feature_importances_ (impureza/gain)
tracado_reta,0.005037426,feature_importances_ (impureza/gain)
br_406.0,0.0050252974,feature_importances_ (impureza/gain)
br_487.0,0.005021939,feature_importances_ (impureza/gain)
br_10.0,0.0050114356,feature_importances_ (impureza/gain)
br_428.0,0.0049604787,feature_importances_ (impureza/gain)
uf_RO,0.0049223728,feature_importances_ (impureza/gain)
br_343.0,0.0049179588,feature_importances_ (impureza/gain)
br_319.0,0.0048931893,feature_importances_ (impureza/gain)
br_459.0,0.004892681,feature_importances_ (impureza/gain)
br_493.0,0.0048584817,feature_importances_ (impureza/gain)
uf_BA,0.004843438,feature_importances_ (impureza/gain)
tracado_ponte,0.0047863037,feature_importances_ (impureza/gain)
br_365.0,0.0047257277,feature_importances_ (impureza/gain)
uf_GO,0.0047128187,feature_importances_ (impureza/gain)
br_158.0,0.0046962597,feature_importances_ (impureza/gain)
uf_PI,0.0046900725,feature_importances_ (impureza/gain)
br_70.0,0.0046737175,feature_importances_ (impureza/gain)
br_415.0,0.004667339,feature_importances_ (impureza/gain)
br_293.0,0.004614329,feature_importances_ (impureza/gain)
br_20.0,0.004613735,feature_importances_ (impureza/gain)
br_110.0,0.0045986865,feature_importances_ (impureza/gain)
br_480.0,0.0045946096,feature_importances_ (impureza/gain)
br_412.0,0.0045431466,feature_importances_ (impureza/gain)
br_60.0,0.0045066006,feature_importances_ (impureza/gain)
br_410.0,0.0045014047,feature_importances_ (impureza/gain)
km,0.0044668647,feature_importances_ (impureza/gain)
tracado_curva,0.0044427677,feature_importances_ (impureza/gain)
tracado_retorno_regulamentado,0.004430573,feature_importances_ (impureza/gain)
uf_AP,0.00440683,feature_importances_ (impureza/gain)
br_285.0,0.0043793204,feature_importances_ (impureza/gain)
br_392.0,0.004342412,feature_importances_ (impureza/gain)
br_393.0,0.004323104,feature_importances_ (impureza/gain)
br_405.0,0.004300098,feature_importances_ (impureza/gain)
br_277.0,0.0042916117,feature_importances_ (impureza/gain)
tracado_desvio_temporario,0.0042623766,feature_importances_ (impureza/gain)
fim_de_semana,0.0042379266,feature_importances_ (impureza/gain)
br_272.0,0.0042376826,feature_importances_ (impureza/gain)
br_80.0,0.0042303614,feature_importances_ (impureza/gain)
br_349.0,0.0042265914,feature_importances_ (impureza/gain)
br_452.0,0.004221577,feature_importances_ (impureza/gain)
br_146.0,0.004200422,feature_importances_ (impureza/gain)
br_420.0,0.004188209,feature_importances_ (impureza/gain)
tracado_viaduto,0.00418739,feature_importances_ (impureza/gain)
tracado_em_obras,0.0041775764,feature_importances_ (impureza/gain)
br_414.0,0.0041564424,feature_importances_ (impureza/gain)
br_469.0,0.0041558146,feature_importances_ (impureza/gain)
uso_solo_Sim,0.0041068755,feature_importances_ (impureza/gain)
br_242.0,0.0040713605,feature_importances_ (impureza/gain)
uf_MS,0.004067004,feature_importances_ (impureza/gain)
br_425.0,0.004054691,feature_importances_ (impureza/gain)
br_408.0,0.004051704,feature_importances_ (impureza/gain)
br_467.0,0.0040400135,feature_importances_ (impureza/gain)
br_290.0,0.004039852,feature_importances_ (impureza/gain)
uf_CE,0.004035004,feature_importances_ (impureza/gain)
br_156.0,0.0039987057,feature_importances_ (impureza/gain)
br_463.0,0.003994083,feature_importances_ (impureza/gain)
uso_solo_Não,0.003993268,feature_importances_ (impureza/gain)
uf_TO,0.003966065,feature_importances_ (impureza/gain)
uf_SE,0.003965559,feature_importances_ (impureza/gain)
br_386.0,0.0039539733,feature_importances_ (impureza/gain)
tracado_aclive,0.003949249,feature_importances_ (impureza/gain)
br_174.0,0.0039398284,feature_importances_ (impureza/gain)
br_471.0,0.003868434,feature_importances_ (impureza/gain)
tracado_interseccao_de_vias,0.0038601244,feature_importances_ (impureza/gain)
br_465.0,0.0038531956,feature_importances_ (impureza/gain)
br_330.0,0.0037973868,feature_importances_ (impureza/gain)
br_222.0,0.003794937,feature_importances_ (impureza/gain)
sentido_via_Decrescente,0.003786592,feature_importances_ (impureza/gain)
br_230.0,0.003723336,feature_importances_ (impureza/gain)
uf_PB,0.0036891645,feature_importances_ (impureza/gain)
br_210.0,0.0036741158,feature_importances_ (impureza/gain)
uf_AM,0.0036624994,feature_importances_ (impureza/gain)
hora,0.0036463866,feature_importances_ (impureza/gain)
br_448.0,0.0036107001,feature_importances_ (impureza/gain)
dia_semana_terça-feira,0.0035325263,feature_importances_ (impureza/gain)
br_401.0,0.0035074195,feature_importances_ (impureza/gain)
dia_semana_domingo,0.0034974285,feature_importances_ (impureza/gain)
fase_dia_Anoitecer,0.0034851793,feature_importances_ (impureza/gain)
hora_sin,0.0034729599,feature_importances_ (impureza/gain)
br_317.0,0.0034661512,feature_importances_ (impureza/gain)
tracado_tunel,0.0034550214,feature_importances_ (impureza/gain)
fase_dia_Amanhecer,0.003445303,feature_importances_ (impureza/gain)
br_226.0,0.0034415217,feature_importances_ (impureza/gain)
dia_semana_quarta-feira,0.0034285656,feature_importances_ (impureza/gain)
mes,0.003319688,feature_importances_ (impureza/gain)
br_135.0,0.0033147456,feature_importances_ (impureza/gain)
br_418.0,0.0033141086,feature_importances_ (impureza/gain)
br_495.0,0.0033104348,feature_importances_ (impureza/gain)
br_423.0,0.003306902,feature_importances_ (impureza/gain)
dia_semana_quinta-feira,0.0032599252,feature_importances_ (impureza/gain)
br_30.0,0.0032344027,feature_importances_ (impureza/gain)
br_421.0,0.0032185256,feature_importances_ (impureza/gain)
br_361.0,0.0031815032,feature_importances_ (impureza/gain)
uf_AL,0.0031769935,feature_importances_ (impureza/gain)
br_424.0,0.003167425,feature_importances_ (impureza/gain)
sentido_via_Crescente,0.0031303694,feature_importances_ (impureza/gain)
dia_semana_sexta-feira,0.0030530316,feature_importances_ (impureza/gain)
br_416.0,0.0030454707,feature_importances_ (impureza/gain)
br_429.0,0.0030367146,feature_importances_ (impureza/gain)
dia_semana_segunda-feira,0.0029921976,feature_importances_ (impureza/gain)
dia_semana_sábado,0.0029556565,feature_importances_ (impureza/gain)
br_488.0,0.002773975,feature_importances_ (impureza/gain)
br_359.0,0.0027657053,feature_importances_ (impureza/gain)
br_155.0,0.002745764,feature_importances_ (impureza/gain)
br_403.0,0.002733729,feature_importances_ (impureza/gain)
br_432.0,0.002696869,feature_importances_ (impureza/gain)
uf_AC,0.0024231093,feature_importances_ (impureza/gain)
br_419.0,0.0022730844,feature_importances_ (impureza/gain)
br_447.0,0.0022115032,feature_importances_ (impureza/gain)
br_122.0,0.002039133,feature_importances_ (impureza/gain)
br_402.0,0.0018782724,feature_importances_ (impureza/gain)
br_307.0,0.0,feature_importances_ (impureza/gain)
br_265.0,0.0,feature_importances_ (impureza/gain)
br_466.0,0.0,feature_importances_ (impureza/gain)
br_437.0,0.0,feature_importances_ (impureza/gain)
br_434.0,0.0,feature_importances_ (impureza/gain)
br_436.0,0.0,feature_importances_ (impureza/gain)
br_430.0,0.0,feature_importances_ (impureza/gain)
br_433.0,0.0,feature_importances_ (impureza/gain)
br_422.0,0.0,feature_importances_ (impureza/gain)
br_426.0,0.0,feature_importances_ (impureza/gain)
br_342.0,0.0,feature_importances_ (impureza/gain)
br_363.0,0.0,feature_importances_ (impureza/gain)
br_352.0,0.0,feature_importances_ (impureza/gain)
br_498.0,0.0,feature_importances_ (impureza/gain)
br_485.0,0.0,feature_importances_ (impureza/gain)
br_484.0,0.0,feature_importances_ (impureza/gain)
br_482.0,0.0,feature_importances_ (impureza/gain)
br_494.0,0.0,feature_importances_ (impureza/gain)
