dia,n,media_movel_7d
2022-01-01,164,164.0
2022-01-02,209,186.5
2022-01-03,193,188.66666666666666
2022-01-04,140,176.5
2022-01-05,151,171.4
2022-01-06,159,169.33333333333334
2022-01-07,159,167.85714285714286
2022-01-08,196,172.42857142857142
2022-01-09,187,169.28571428571428
2022-01-10,152,163.42857142857142
2022-01-11,107,158.71428571428572
2022-01-12,126,155.14285714285714
2022-01-13,150,153.85714285714286
2022-01-14,175,156.14285714285714
2022-01-15,204,157.28571428571428
2022-01-16,205,159.85714285714286
2022-01-17,174,163.0
2022-01-18,151,169.28571428571428
2022-01-19,137,170.85714285714286
2022-01-20,147,170.42857142857142
2022-01-21,161,168.42857142857142
2022-01-22,205,168.57142857142858
2022-01-23,196,167.28571428571428
2022-01-24,131,161.14285714285714
2022-01-25,135,158.85714285714286
2022-01-26,133,158.28571428571428
2022-01-27,141,157.42857142857142
2022-01-28,184,160.71428571428572
2022-01-29,163,154.71428571428572
2022-01-30,169,150.85714285714286
2022-01-31,145,152.85714285714286
2022-02-01,121,150.85714285714286
2022-02-02,133,150.85714285714286
2022-02-03,129,149.14285714285714
2022-02-04,183,149.0
2022-02-05,213,156.14285714285714
2022-02-06,213,162.42857142857142
2022-02-07,189,168.71428571428572
2022-02-08,149,172.71428571428572
2022-02-09,143,174.14285714285714
2022-02-10,135,175.0
2022-02-11,187,175.57142857142858
2022-02-12,249,180.71428571428572
2022-02-13,221,181.85714285714286
2022-02-14,156,177.14285714285714
2022-02-15,138,175.57142857142858
2022-02-16,141,175.28571428571428
2022-02-17,144,176.57142857142858
2022-02-18,165,173.42857142857142
2022-02-19,202,166.71428571428572
2022-02-20,208,164.85714285714286
2022-02-21,174,167.42857142857142
2022-02-22,134,166.85714285714286
2022-02-23,148,167.85714285714286
2022-02-24,150,168.71428571428572
2022-02-25,220,176.57142857142858
2022-02-26,241,182.14285714285714
2022-02-27,227,184.85714285714286
2022-02-28,156,182.28571428571428
2022-03-01,163,186.42857142857142
2022-03-02,153,187.14285714285714
2022-03-03,194,193.42857142857142
2022-03-04,156,184.28571428571428
2022-03-05,207,179.42857142857142
2022-03-06,193,174.57142857142858
2022-03-07,152,174.0
2022-03-08,158,173.28571428571428
2022-03-09,164,174.85714285714286
2022-03-10,141,167.28571428571428
2022-03-11,193,172.57142857142858
2022-03-12,214,173.57142857142858
2022-03-13,218,177.14285714285714
2022-03-14,183,181.57142857142858
2022-03-15,147,180.0
2022-03-16,131,175.28571428571428
2022-03-17,130,173.71428571428572
2022-03-18,181,172.0
2022-03-19,211,171.57142857142858
2022-03-20,187,167.14285714285714
2022-03-21,158,163.57142857142858
2022-03-22,120,159.71428571428572
2022-03-23,133,160.0
2022-03-24,155,163.57142857142858
2022-03-25,175,162.71428571428572
2022-03-26,201,161.28571428571428
2022-03-27,185,161.0
2022-03-28,168,162.42857142857142
2022-03-29,115,161.71428571428572
2022-03-30,136,162.14285714285714
2022-03-31,153,161.85714285714286
2022-04-01,185,163.28571428571428
2022-04-02,213,165.0
2022-04-03,206,168.0
2022-04-04,154,166.0
2022-04-05,149,170.85714285714286
2022-04-06,160,174.28571428571428
2022-04-07,178,177.85714285714286
2022-04-08,213,181.85714285714286
2022-04-09,220,182.85714285714286
2022-04-10,201,182.14285714285714
2022-04-11,172,184.71428571428572
2022-04-12,156,185.71428571428572
2022-04-13,191,190.14285714285714
2022-04-14,202,193.57142857142858
2022-04-15,136,182.57142857142858
2022-04-16,149,172.42857142857142
2022-04-17,249,179.28571428571428
2022-04-18,190,181.85714285714286
2022-04-19,156,181.85714285714286
2022-04-20,153,176.42857142857142
2022-04-21,150,169.0
2022-04-22,170,173.85714285714286
2022-04-23,205,181.85714285714286
2022-04-24,211,176.42857142857142
2022-04-25,179,174.85714285714286
2022-04-26,127,170.71428571428572
2022-04-27,142,169.14285714285714
2022-04-28,138,167.42857142857142
2022-04-29,192,170.57142857142858
2022-04-30,192,168.71428571428572
2022-05-01,208,168.28571428571428
2022-05-02,182,168.71428571428572
2022-05-03,157,173.0
2022-05-04,141,172.85714285714286
2022-05-05,154,175.14285714285714
2022-05-06,177,173.0
2022-05-07,208,175.28571428571428
2022-05-08,210,175.57142857142858
2022-05-09,178,175.0
2022-05-10,154,174.57142857142858
2022-05-11,157,176.85714285714286
2022-05-12,161,177.85714285714286
2022-05-13,182,178.57142857142858
2022-05-14,211,179.0
2022-05-15,209,178.85714285714286
2022-05-16,173,178.14285714285714
2022-05-17,128,174.42857142857142
2022-05-18,127,170.14285714285714
2022-05-19,140,167.14285714285714
2022-05-20,185,167.57142857142858
2022-05-21,196,165.42857142857142
2022-05-22,195,163.42857142857142
2022-05-23,170,163.0
2022-05-24,155,166.85714285714286
2022-05-25,181,174.57142857142858
2022-05-26,152,176.28571428571428
2022-05-27,190,177.0
2022-05-28,201,177.71428571428572
2022-05-29,208,179.57142857142858
2022-05-30,169,179.42857142857142
2022-05-31,140,177.28571428571428
2022-06-01,152,173.14285714285714
2022-06-02,161,174.42857142857142
2022-06-03,177,172.57142857142858
2022-06-04,203,172.85714285714286
2022-06-05,198,171.42857142857142
2022-06-06,166,171.0
2022-06-07,158,173.57142857142858
2022-06-08,146,172.71428571428572
2022-06-09,154,171.71428571428572
2022-06-10,181,172.28571428571428
2022-06-11,173,168.0
2022-06-12,205,169.0
2022-06-13,162,168.42857142857142
2022-06-14,156,168.14285714285714
2022-06-15,187,174.0
2022-06-16,165,175.57142857142858
2022-06-17,141,169.85714285714286
2022-06-18,205,174.42857142857142
2022-06-19,203,174.14285714285714
2022-06-20,187,177.71428571428572
2022-06-21,156,177.71428571428572
2022-06-22,164,174.42857142857142
2022-06-23,173,175.57142857142858
2022-06-24,198,183.71428571428572
2022-06-25,162,177.57142857142858
2022-06-26,200,177.14285714285714
2022-06-27,158,173.0
2022-06-28,131,169.42857142857142
2022-06-29,147,167.0
2022-06-30,146,163.14285714285714
2022-07-01,190,162.0
2022-07-02,211,169.0
2022-07-03,207,170.0
2022-07-04,162,170.57142857142858
2022-07-05,152,173.57142857142858
2022-07-06,161,175.57142857142858
2022-07-07,156,177.0
2022-07-08,210,179.85714285714286
2022-07-09,222,181.42857142857142
2022-07-10,201,180.57142857142858
2022-07-11,169,181.57142857142858
2022-07-12,145,180.57142857142858
2022-07-13,145,178.28571428571428
2022-07-14,162,179.14285714285714
2022-07-15,163,172.42857142857142
2022-07-16,204,169.85714285714286
2022-07-17,225,173.28571428571428
2022-07-18,150,170.57142857142858
2022-07-19,139,169.71428571428572
2022-07-20,170,173.28571428571428
2022-07-21,164,173.57142857142858
2022-07-22,235,183.85714285714286
2022-07-23,199,183.14285714285714
2022-07-24,260,188.14285714285714
2022-07-25,174,191.57142857142858
2022-07-26,144,192.28571428571428
2022-07-27,166,191.71428571428572
2022-07-28,145,189.0
2022-07-29,201,184.14285714285714
2022-07-30,201,184.42857142857142
2022-07-31,226,179.57142857142858
2022-08-01,165,178.28571428571428
2022-08-02,145,178.42857142857142
2022-08-03,175,179.71428571428572
2022-08-04,185,185.42857142857142
2022-08-05,198,185.0
2022-08-06,229,189.0
2022-08-07,204,185.85714285714286
2022-08-08,184,188.57142857142858
2022-08-09,154,189.85714285714286
2022-08-10,161,187.85714285714286
2022-08-11,171,185.85714285714286
2022-08-12,205,186.85714285714286
2022-08-13,221,185.71428571428572
2022-08-14,234,190.0
2022-08-15,179,189.28571428571428
2022-08-16,168,191.28571428571428
2022-08-17,158,190.85714285714286
2022-08-18,156,188.71428571428572
2022-08-19,194,187.14285714285714
2022-08-20,184,181.85714285714286
2022-08-21,196,176.42857142857142
2022-08-22,162,174.0
2022-08-23,156,172.28571428571428
2022-08-24,145,170.42857142857142
2022-08-25,156,170.42857142857142
2022-08-26,215,173.42857142857142
2022-08-27,196,175.14285714285714
2022-08-28,216,178.0
2022-08-29,185,181.28571428571428
2022-08-30,154,181.0
2022-08-31,159,183.0
2022-09-01,144,181.28571428571428
2022-09-02,203,179.57142857142858
2022-09-03,221,183.14285714285714
2022-09-04,230,185.14285714285714
2022-09-05,169,182.85714285714286
2022-09-06,179,186.42857142857142
2022-09-07,161,186.71428571428572
2022-09-08,165,189.71428571428572
2022-09-09,181,186.57142857142858
2022-09-10,231,188.0
2022-09-11,213,185.57142857142858
2022-09-12,163,184.71428571428572
2022-09-13,151,180.71428571428572
2022-09-14,162,180.85714285714286
2022-09-15,164,180.71428571428572
2022-09-16,224,186.85714285714286
2022-09-17,239,188.0
2022-09-18,238,191.57142857142858
2022-09-19,151,189.85714285714286
2022-09-20,155,190.42857142857142
2022-09-21,162,190.42857142857142
2022-09-22,184,193.28571428571428
2022-09-23,178,186.71428571428572
2022-09-24,206,182.0
2022-09-25,224,180.0
2022-09-26,188,185.28571428571428
2022-09-27,170,187.42857142857142
2022-09-28,149,185.57142857142858
2022-09-29,150,180.71428571428572
2022-09-30,177,180.57142857142858
2022-10-01,202,180.0
2022-10-02,202,176.85714285714286
2022-10-03,169,174.14285714285714
2022-10-04,140,169.85714285714286
2022-10-05,149,169.85714285714286
2022-10-06,172,173.0
2022-10-07,230,180.57142857142858
2022-10-08,226,184.0
2022-10-09,225,187.28571428571428
2022-10-10,170,187.42857142857142
2022-10-11,161,190.42857142857142
2022-10-12,161,192.14285714285714
2022-10-13,145,188.28571428571428
2022-10-14,191,182.71428571428572
2022-10-15,204,179.57142857142858
2022-10-16,239,181.57142857142858
2022-10-17,149,178.57142857142858
2022-10-18,133,174.57142857142858
2022-10-19,160,174.42857142857142
2022-10-20,177,179.0
2022-10-21,217,182.71428571428572
2022-10-22,211,183.71428571428572
2022-10-23,246,184.71428571428572
2022-10-24,185,189.85714285714286
2022-10-25,157,193.28571428571428
2022-10-26,145,191.14285714285714
2022-10-27,154,187.85714285714286
2022-10-28,195,184.71428571428572
2022-10-29,239,188.71428571428572
2022-10-30,256,190.14285714285714
2022-10-31,182,189.71428571428572
2022-11-01,117,184.0
2022-11-02,115,179.71428571428572
2022-11-03,150,179.14285714285714
2022-11-04,201,180.0
2022-11-05,183,172.0
2022-11-06,176,160.57142857142858
2022-11-07,164,158.0
2022-11-08,149,162.57142857142858
2022-11-09,161,169.14285714285714
2022-11-10,143,168.14285714285714
2022-11-11,216,170.28571428571428
2022-11-12,226,176.42857142857142
2022-11-13,238,185.28571428571428
2022-11-14,193,189.42857142857142
2022-11-15,207,197.71428571428572
2022-11-16,173,199.42857142857142
2022-11-17,153,200.85714285714286
2022-11-18,216,200.85714285714286
2022-11-19,184,194.85714285714286
2022-11-20,159,183.57142857142858
2022-11-21,148,177.14285714285714
2022-11-22,139,167.42857142857142
2022-11-23,136,162.14285714285714
2022-11-24,149,161.57142857142858
2022-11-25,183,156.85714285714286
2022-11-26,219,161.85714285714286
2022-11-27,218,170.28571428571428
2022-11-28,188,176.0
2022-11-29,177,181.42857142857142
2022-11-30,148,183.14285714285714
2022-12-01,136,181.28571428571428
2022-12-02,233,188.42857142857142
2022-12-03,237,191.0
2022-12-04,184,186.14285714285714
2022-12-05,173,184.0
2022-12-06,161,181.71428571428572
2022-12-07,173,185.28571428571428
2022-12-08,173,190.57142857142858
2022-12-09,194,185.0
2022-12-10,212,181.42857142857142
2022-12-11,215,185.85714285714286
2022-12-12,168,185.14285714285714
2022-12-13,152,183.85714285714286
2022-12-14,142,179.42857142857142
2022-12-15,172,179.28571428571428
2022-12-16,190,178.71428571428572
2022-12-17,259,185.42857142857142
2022-12-18,221,186.28571428571428
2022-12-19,165,185.85714285714286
2022-12-20,187,190.85714285714286
2022-12-21,194,198.28571428571428
2022-12-22,197,201.85714285714286
2022-12-23,261,212.0
2022-12-24,197,203.14285714285714
2022-12-25,204,200.71428571428572
2022-12-26,198,205.42857142857142
2022-12-27,176,203.85714285714286
2022-12-28,146,197.0
2022-12-29,171,193.28571428571428
2022-12-30,179,181.57142857142858
2022-12-31,168,177.42857142857142
2023-01-01,207,177.85714285714286
2023-01-02,188,176.42857142857142
2023-01-03,173,176.0
2023-01-04,168,179.14285714285714
2023-01-05,148,175.85714285714286
2023-01-06,147,171.28571428571428
2023-01-07,186,173.85714285714286
2023-01-08,207,173.85714285714286
2023-01-09,189,174.0
2023-01-10,126,167.28571428571428
2023-01-11,139,163.14285714285714
2023-01-12,162,165.14285714285714
2023-01-13,190,171.28571428571428
2023-01-14,189,171.71428571428572
2023-01-15,205,171.42857142857142
2023-01-16,160,167.28571428571428
2023-01-17,150,170.71428571428572
2023-01-18,132,169.71428571428572
2023-01-19,156,168.85714285714286
2023-01-20,203,170.71428571428572
2023-01-21,183,169.85714285714286
2023-01-22,181,166.42857142857142
2023-01-23,141,163.71428571428572
2023-01-24,126,160.28571428571428
2023-01-25,153,163.28571428571428
2023-01-26,162,164.14285714285714
2023-01-27,170,159.42857142857142
2023-01-28,198,161.57142857142858
2023-01-29,206,165.14285714285714
2023-01-30,160,167.85714285714286
2023-01-31,149,171.14285714285714
2023-02-01,115,165.71428571428572
2023-02-02,162,165.71428571428572
2023-02-03,177,166.71428571428572
2023-02-04,226,170.71428571428572
2023-02-05,190,168.42857142857142
2023-02-06,169,169.71428571428572
2023-02-07,139,168.28571428571428
2023-02-08,145,172.57142857142858
2023-02-09,157,171.85714285714286
2023-02-10,173,171.28571428571428
2023-02-11,218,170.14285714285714
2023-02-12,209,172.85714285714286
2023-02-13,172,173.28571428571428
2023-02-14,140,173.42857142857142
2023-02-15,150,174.14285714285714
2023-02-16,155,173.85714285714286
2023-02-17,200,177.71428571428572
2023-02-18,233,179.85714285714286
2023-02-19,220,181.42857142857142
2023-02-20,150,178.28571428571428
2023-02-21,135,177.57142857142858
2023-02-22,175,181.14285714285714
2023-02-23,135,178.28571428571428
2023-02-24,153,171.57142857142858
2023-02-25,141,158.42857142857142
2023-02-26,185,153.42857142857142
2023-02-27,154,154.0
2023-02-28,173,159.42857142857142
2023-03-01,129,152.85714285714286
2023-03-02,170,157.85714285714286
2023-03-03,194,163.71428571428572
2023-03-04,205,172.85714285714286
2023-03-05,210,176.42857142857142
2023-03-06,160,177.28571428571428
2023-03-07,160,175.42857142857142
2023-03-08,161,180.0
2023-03-09,171,180.14285714285714
2023-03-10,191,179.71428571428572
2023-03-11,203,179.42857142857142
2023-03-12,230,182.28571428571428
2023-03-13,168,183.42857142857142
2023-03-14,153,182.42857142857142
2023-03-15,173,184.14285714285714
2023-03-16,157,182.14285714285714
2023-03-17,195,182.71428571428572
2023-03-18,226,186.0
2023-03-19,217,184.14285714285714
2023-03-20,199,188.57142857142858
2023-03-21,165,190.28571428571428
2023-03-22,168,189.57142857142858
2023-03-23,153,189.0
2023-03-24,181,187.0
2023-03-25,205,184.0
2023-03-26,205,182.28571428571428
2023-03-27,180,179.57142857142858
2023-03-28,156,178.28571428571428
2023-03-29,151,175.85714285714286
2023-03-30,154,176.0
2023-03-31,206,179.57142857142858
2023-04-01,220,181.71428571428572
2023-04-02,213,182.85714285714286
2023-04-03,153,179.0
2023-04-04,152,178.42857142857142
2023-04-05,166,180.57142857142858
2023-04-06,209,188.42857142857142
2023-04-07,217,190.0
2023-04-08,173,183.28571428571428
2023-04-09,220,184.28571428571428
2023-04-10,194,190.14285714285714
2023-04-11,145,189.14285714285714
2023-04-12,150,186.85714285714286
2023-04-13,141,177.14285714285714
2023-04-14,204,175.28571428571428
2023-04-15,180,176.28571428571428
2023-04-16,208,174.57142857142858
2023-04-17,204,176.0
2023-04-18,149,176.57142857142858
2023-04-19,169,179.28571428571428
2023-04-20,224,191.14285714285714
2023-04-21,196,190.0
2023-04-22,163,187.57142857142858
2023-04-23,200,186.42857142857142
2023-04-24,190,184.42857142857142
2023-04-25,176,188.28571428571428
2023-04-26,170,188.42857142857142
2023-04-27,169,180.57142857142858
2023-04-28,237,186.42857142857142
2023-04-29,219,194.42857142857142
2023-04-30,192,193.28571428571428
2023-05-01,210,196.14285714285714
2023-05-02,162,194.14285714285714
2023-05-03,155,192.0
2023-05-04,151,189.42857142857142
2023-05-05,194,183.28571428571428
2023-05-06,221,183.57142857142858
2023-05-07,167,180.0
2023-05-08,195,177.85714285714286
2023-05-09,147,175.71428571428572
2023-05-10,152,175.28571428571428
2023-05-11,195,181.57142857142858
2023-05-12,184,180.14285714285714
2023-05-13,240,182.85714285714286
2023-05-14,241,193.42857142857142
2023-05-15,160,188.42857142857142
2023-05-16,146,188.28571428571428
2023-05-17,139,186.42857142857142
2023-05-18,174,183.42857142857142
2023-05-19,198,185.42857142857142
2023-05-20,218,182.28571428571428
2023-05-21,207,177.42857142857142
2023-05-22,163,177.85714285714286
2023-05-23,147,178.0
2023-05-24,159,180.85714285714286
2023-05-25,179,181.57142857142858
2023-05-26,204,182.42857142857142
2023-05-27,230,184.14285714285714
2023-05-28,212,184.85714285714286
2023-05-29,168,185.57142857142858
2023-05-30,153,186.42857142857142
2023-05-31,167,187.57142857142858
2023-06-01,178,187.42857142857142
2023-06-02,196,186.28571428571428
2023-06-03,229,186.14285714285714
2023-06-04,197,184.0
2023-06-05,185,186.42857142857142
2023-06-06,153,186.42857142857142
2023-06-07,200,191.14285714285714
2023-06-08,204,194.85714285714286
2023-06-09,179,192.42857142857142
2023-06-10,205,189.0
2023-06-11,251,196.71428571428572
2023-06-12,196,198.28571428571428
2023-06-13,162,199.57142857142858
2023-06-14,171,195.42857142857142
2023-06-15,166,190.0
2023-06-16,205,193.71428571428572
2023-06-17,215,195.14285714285714
2023-06-18,221,190.85714285714286
2023-06-19,172,187.42857142857142
2023-06-20,165,187.85714285714286
2023-06-21,187,190.14285714285714
2023-06-22,165,190.0
2023-06-23,218,191.85714285714286
2023-06-24,227,193.57142857142858
2023-06-25,195,189.85714285714286
2023-06-26,174,190.14285714285714
2023-06-27,174,191.42857142857142
2023-06-28,167,188.57142857142858
2023-06-29,190,192.14285714285714
2023-06-30,188,187.85714285714286
2023-07-01,248,190.85714285714286
2023-07-02,216,193.85714285714286
2023-07-03,181,194.85714285714286
2023-07-04,154,192.0
2023-07-05,171,192.57142857142858
2023-07-06,175,190.42857142857142
2023-07-07,221,195.14285714285714
2023-07-08,231,192.71428571428572
2023-07-09,227,194.28571428571428
2023-07-10,173,193.14285714285714
2023-07-11,165,194.71428571428572
2023-07-12,171,194.71428571428572
2023-07-13,173,194.42857142857142
2023-07-14,211,193.0
2023-07-15,202,188.85714285714286
2023-07-16,222,188.14285714285714
2023-07-17,178,188.85714285714286
2023-07-18,155,187.42857142857142
2023-07-19,147,184.0
2023-07-20,148,180.42857142857142
2023-07-21,204,179.42857142857142
2023-07-22,215,181.28571428571428
2023-07-23,257,186.28571428571428
2023-07-24,182,186.85714285714286
2023-07-25,169,188.85714285714286
2023-07-26,171,192.28571428571428
2023-07-27,174,196.0
2023-07-28,213,197.28571428571428
2023-07-29,228,199.14285714285714
2023-07-30,212,192.71428571428572
2023-07-31,172,191.28571428571428
2023-08-01,172,191.71428571428572
2023-08-02,156,189.57142857142858
2023-08-03,166,188.42857142857142
2023-08-04,185,184.42857142857142
2023-08-05,208,181.57142857142858
2023-08-06,226,183.57142857142858
2023-08-07,168,183.0
2023-08-08,174,183.28571428571428
2023-08-09,166,184.71428571428572
2023-08-10,162,184.14285714285714
2023-08-11,232,190.85714285714286
2023-08-12,230,194.0
2023-08-13,213,192.14285714285714
2023-08-14,179,193.71428571428572
2023-08-15,161,191.85714285714286
2023-08-16,156,190.42857142857142
2023-08-17,147,188.28571428571428
2023-08-18,232,188.28571428571428
2023-08-19,200,184.0
2023-08-20,200,182.14285714285714
2023-08-21,143,177.0
2023-08-22,159,176.71428571428572
2023-08-23,151,176.0
2023-08-24,190,182.14285714285714
2023-08-25,183,175.14285714285714
2023-08-26,224,178.57142857142858
2023-08-27,211,180.14285714285714
2023-08-28,172,184.28571428571428
2023-08-29,141,181.71428571428572
2023-08-30,146,181.0
2023-08-31,160,176.71428571428572
2023-09-01,216,181.42857142857142
2023-09-02,237,183.28571428571428
2023-09-03,212,183.42857142857142
2023-09-04,163,182.14285714285714
2023-09-05,175,187.0
2023-09-06,212,196.42857142857142
2023-09-07,185,200.0
2023-09-08,196,197.14285714285714
2023-09-09,198,191.57142857142858
2023-09-10,226,193.57142857142858
2023-09-11,180,196.0
2023-09-12,148,192.14285714285714
2023-09-13,157,184.28571428571428
2023-09-14,181,183.71428571428572
2023-09-15,192,183.14285714285714
2023-09-16,216,185.71428571428572
2023-09-17,223,185.28571428571428
2023-09-18,190,186.71428571428572
2023-09-19,157,188.0
2023-09-20,172,190.14285714285714
2023-09-21,163,187.57142857142858
2023-09-22,166,183.85714285714286
2023-09-23,207,182.57142857142858
2023-09-24,212,181.0
2023-09-25,178,179.28571428571428
2023-09-26,175,181.85714285714286
2023-09-27,163,180.57142857142858
2023-09-28,160,180.14285714285714
2023-09-29,211,186.57142857142858
2023-09-30,193,184.57142857142858
2023-10-01,251,190.14285714285714
2023-10-02,191,192.0
2023-10-03,159,189.71428571428572
2023-10-04,157,188.85714285714286
2023-10-05,151,187.57142857142858
2023-10-06,235,191.0
2023-10-07,200,192.0
2023-10-08,229,188.85714285714286
2023-10-09,200,190.14285714285714
2023-10-10,175,192.42857142857142
2023-10-11,212,200.28571428571428
2023-10-12,214,209.28571428571428
2023-10-13,152,197.42857142857142
2023-10-14,199,197.28571428571428
2023-10-15,219,195.85714285714286
2023-10-16,151,188.85714285714286
2023-10-17,167,187.71428571428572
2023-10-18,148,178.57142857142858
2023-10-19,166,171.71428571428572
2023-10-20,186,176.57142857142858
2023-10-21,208,177.85714285714286
2023-10-22,208,176.28571428571428
2023-10-23,169,178.85714285714286
2023-10-24,159,177.71428571428572
2023-10-25,152,178.28571428571428
2023-10-26,178,180.0
2023-10-27,198,181.71428571428572
2023-10-28,196,180.0
2023-10-29,189,177.28571428571428
2023-10-30,168,177.14285714285714
2023-10-31,153,176.28571428571428
2023-11-01,194,182.28571428571428
2023-11-02,148,178.0
2023-11-03,184,176.0
2023-11-04,196,176.0
2023-11-05,221,180.57142857142858
2023-11-06,191,183.85714285714286
2023-11-07,161,185.0
2023-11-08,182,183.28571428571428
2023-11-09,159,184.85714285714286
2023-11-10,209,188.42857142857142
2023-11-11,254,196.71428571428572
2023-11-12,243,199.85714285714286
2023-11-13,188,199.42857142857142
2023-11-14,193,204.0
2023-11-15,152,199.71428571428572
2023-11-16,154,199.0
2023-11-17,180,194.85714285714286
2023-11-18,210,188.57142857142858
2023-11-19,222,185.57142857142858
2023-11-20,189,185.71428571428572
2023-11-21,171,182.57142857142858
2023-11-22,163,184.14285714285714
2023-11-23,165,185.71428571428572
2023-11-24,194,187.71428571428572
2023-11-25,206,187.14285714285714
2023-11-26,199,183.85714285714286
2023-11-27,160,179.71428571428572
2023-11-28,180,181.0
2023-11-29,153,179.57142857142858
2023-11-30,171,180.42857142857142
2023-12-01,219,184.0
2023-12-02,229,187.28571428571428
2023-12-03,200,187.42857142857142
2023-12-04,219,195.85714285714286
2023-12-05,187,196.85714285714286
2023-12-06,185,201.42857142857142
2023-12-07,225,209.14285714285714
2023-12-08,227,210.28571428571428
2023-12-09,223,209.42857142857142
2023-12-10,250,216.57142857142858
2023-12-11,210,215.28571428571428
2023-12-12,177,213.85714285714286
2023-12-13,164,210.85714285714286
2023-12-14,200,207.28571428571428
2023-12-15,273,213.85714285714286
2023-12-16,280,222.0
2023-12-17,234,219.71428571428572
2023-12-18,215,220.42857142857142
2023-12-19,191,222.42857142857142
2023-12-20,230,231.85714285714286
2023-12-21,232,236.42857142857142
2023-12-22,277,237.0
2023-12-23,303,240.28571428571428
2023-12-24,195,234.71428571428572
2023-12-25,187,230.71428571428572
2023-12-26,187,230.14285714285714
2023-12-27,155,219.42857142857142
2023-12-28,190,213.42857142857142
2023-12-29,189,200.85714285714286
2023-12-30,209,187.42857142857142
2023-12-31,152,181.28571428571428
2024-01-01,239,188.71428571428572
2024-01-02,240,196.28571428571428
2024-01-03,189,201.14285714285714
2024-01-04,152,195.71428571428572
2024-01-05,161,191.71428571428572
2024-01-06,201,190.57142857142858
2024-01-07,195,196.71428571428572
2024-01-08,182,188.57142857142858
2024-01-09,147,175.28571428571428
2024-01-10,170,172.57142857142858
2024-01-11,188,177.71428571428572
2024-01-12,200,183.28571428571428
2024-01-13,202,183.42857142857142
2024-01-14,235,189.14285714285714
2024-01-15,167,187.0
2024-01-16,176,191.14285714285714
2024-01-17,163,190.14285714285714
2024-01-18,181,189.14285714285714
2024-01-19,200,189.14285714285714
2024-01-20,231,193.28571428571428
2024-01-21,215,190.42857142857142
2024-01-22,185,193.0
2024-01-23,173,192.57142857142858
2024-01-24,153,191.14285714285714
2024-01-25,159,188.0
2024-01-26,181,185.28571428571428
2024-01-27,184,178.57142857142858
2024-01-28,215,178.57142857142858
2024-01-29,154,174.14285714285714
2024-01-30,174,174.28571428571428
2024-01-31,143,172.85714285714286
2024-02-01,164,173.57142857142858
2024-02-02,183,173.85714285714286
2024-02-03,177,172.85714285714286
2024-02-04,214,172.71428571428572
2024-02-05,190,177.85714285714286
2024-02-06,170,177.28571428571428
2024-02-07,188,183.71428571428572
2024-02-08,172,184.85714285714286
2024-02-09,230,191.57142857142858
2024-02-10,252,202.28571428571428
2024-02-11,230,204.57142857142858
2024-02-12,179,203.0
2024-02-13,164,202.14285714285714
2024-02-14,188,202.14285714285714
2024-02-15,162,200.71428571428572
2024-02-16,162,191.0
2024-02-17,180,180.71428571428572
2024-02-18,162,171.0
2024-02-19,153,167.28571428571428
2024-02-20,147,164.85714285714286
2024-02-21,168,162.0
2024-02-22,155,161.0
2024-02-23,198,166.14285714285714
2024-02-24,207,170.0
2024-02-25,197,175.0
2024-02-26,206,182.57142857142858
2024-02-27,168,185.57142857142858
2024-02-28,154,183.57142857142858
2024-02-29,160,184.28571428571428
2024-03-01,207,185.57142857142858
2024-03-02,216,186.85714285714286
2024-03-03,198,187.0
2024-03-04,191,184.85714285714286
2024-03-05,167,184.71428571428572
2024-03-06,175,187.71428571428572
2024-03-07,167,188.71428571428572
2024-03-08,222,190.85714285714286
2024-03-09,203,189.0
2024-03-10,196,188.71428571428572
2024-03-11,183,187.57142857142858
2024-03-12,171,188.14285714285714
2024-03-13,177,188.42857142857142
2024-03-14,178,190.0
2024-03-15,208,188.0
2024-03-16,192,186.42857142857142
2024-03-17,224,190.42857142857142
2024-03-18,190,191.42857142857142
2024-03-19,161,190.0
2024-03-20,188,191.57142857142858
2024-03-21,177,191.42857142857142
2024-03-22,195,189.57142857142858
2024-03-23,206,191.57142857142858
2024-03-24,200,188.14285714285714
2024-03-25,164,184.42857142857142
2024-03-26,165,185.0
2024-03-27,216,189.0
2024-03-28,223,195.57142857142858
2024-03-29,183,193.85714285714286
2024-03-30,190,191.57142857142858
2024-03-31,224,195.0
2024-04-01,182,197.57142857142858
2024-04-02,176,199.14285714285714
2024-04-03,164,191.71428571428572
2024-04-04,149,181.14285714285714
2024-04-05,186,181.57142857142858
2024-04-06,252,190.42857142857142
2024-04-07,213,188.85714285714286
2024-04-08,222,194.57142857142858
2024-04-09,173,194.14285714285714
2024-04-10,184,197.0
2024-04-11,156,198.0
2024-04-12,236,205.14285714285714
2024-04-13,184,195.42857142857142
2024-04-14,211,195.14285714285714
2024-04-15,194,191.14285714285714
2024-04-16,160,189.28571428571428
2024-04-17,172,187.57142857142858
2024-04-18,194,193.0
2024-04-19,238,193.28571428571428
2024-04-20,227,199.42857142857142
2024-04-21,218,200.42857142857142
2024-04-22,186,199.28571428571428
2024-04-23,149,197.71428571428572
2024-04-24,173,197.85714285714286
2024-04-25,176,195.28571428571428
2024-04-26,228,193.85714285714286
2024-04-27,201,190.14285714285714
2024-04-28,249,194.57142857142858
2024-04-29,196,196.0
2024-04-30,186,201.28571428571428
2024-05-01,168,200.57142857142858
2024-05-02,170,199.71428571428572
2024-05-03,200,195.71428571428572
2024-05-04,215,197.71428571428572
2024-05-05,204,191.28571428571428
2024-05-06,158,185.85714285714286
2024-05-07,179,184.85714285714286
2024-05-08,208,190.57142857142858
2024-05-09,194,194.0
2024-05-10,225,197.57142857142858
2024-05-11,241,201.28571428571428
2024-05-12,231,205.14285714285714
2024-05-13,203,211.57142857142858
2024-05-14,176,211.14285714285714
2024-05-15,179,207.0
2024-05-16,163,202.57142857142858
2024-05-17,224,202.42857142857142
2024-05-18,244,202.85714285714286
2024-05-19,231,202.85714285714286
2024-05-20,181,199.71428571428572
2024-05-21,169,198.71428571428572
2024-05-22,171,197.57142857142858
2024-05-23,188,201.14285714285714
2024-05-24,227,201.57142857142858
2024-05-25,194,194.42857142857142
2024-05-26,246,196.57142857142858
2024-05-27,200,199.28571428571428
2024-05-28,168,199.14285714285714
2024-05-29,224,206.71428571428572
2024-05-30,205,209.14285714285714
2024-05-31,200,205.28571428571428
2024-06-01,197,205.71428571428572
2024-06-02,266,208.57142857142858
2024-06-03,199,208.42857142857142
2024-06-04,164,207.85714285714286
2024-06-05,163,199.14285714285714
2024-06-06,183,196.0
2024-06-07,227,199.85714285714286
2024-06-08,262,209.14285714285714
2024-06-09,245,206.14285714285714
2024-06-10,218,208.85714285714286
2024-06-11,183,211.57142857142858
2024-06-12,184,214.57142857142858
2024-06-13,199,216.85714285714286
2024-06-14,215,215.14285714285714
2024-06-15,208,207.42857142857142
2024-06-16,245,207.42857142857142
2024-06-17,207,205.85714285714286
2024-06-18,184,206.0
2024-06-19,188,206.57142857142858
2024-06-20,177,203.42857142857142
2024-06-21,228,205.28571428571428
2024-06-22,239,209.71428571428572
2024-06-23,226,207.0
2024-06-24,210,207.42857142857142
2024-06-25,194,208.85714285714286
2024-06-26,178,207.42857142857142
2024-06-27,189,209.14285714285714
2024-06-28,209,206.42857142857142
2024-06-29,220,203.71428571428572
2024-06-30,218,202.57142857142858
2024-07-01,192,200.0
2024-07-02,208,202.0
2024-07-03,185,203.0
2024-07-04,184,202.28571428571428
2024-07-05,263,210.0
2024-07-06,277,218.14285714285714
2024-07-07,264,224.71428571428572
2024-07-08,217,228.28571428571428
2024-07-09,202,227.42857142857142
2024-07-10,187,227.71428571428572
2024-07-11,209,231.28571428571428
2024-07-12,211,223.85714285714286
2024-07-13,225,216.42857142857142
2024-07-14,225,210.85714285714286
2024-07-15,197,208.0
2024-07-16,171,203.57142857142858
2024-07-17,179,202.42857142857142
2024-07-18,193,200.14285714285714
2024-07-19,231,203.0
2024-07-20,205,200.14285714285714
2024-07-21,242,202.57142857142858
2024-07-22,199,202.85714285714286
2024-07-23,167,202.28571428571428
2024-07-24,191,204.0
2024-07-25,195,204.28571428571428
2024-07-26,213,201.71428571428572
2024-07-27,210,202.42857142857142
2024-07-28,219,199.14285714285714
2024-07-29,203,199.71428571428572
2024-07-30,159,198.57142857142858
2024-07-31,178,196.71428571428572
2024-08-01,187,195.57142857142858
2024-08-02,235,198.71428571428572
2024-08-03,250,204.42857142857142
2024-08-04,223,205.0
2024-08-05,204,205.14285714285714
2024-08-06,172,207.0
2024-08-07,182,207.57142857142858
2024-08-08,182,206.85714285714286
2024-08-09,225,205.42857142857142
2024-08-10,229,202.42857142857142
2024-08-11,218,201.71428571428572
2024-08-12,188,199.42857142857142
2024-08-13,169,199.0
2024-08-14,168,197.0
2024-08-15,173,195.71428571428572
2024-08-16,202,192.42857142857142
2024-08-17,234,193.14285714285714
2024-08-18,240,196.28571428571428
2024-08-19,192,196.85714285714286
2024-08-20,163,196.0
2024-08-21,164,195.42857142857142
2024-08-22,166,194.42857142857142
2024-08-23,216,196.42857142857142
2024-08-24,228,195.57142857142858
2024-08-25,186,187.85714285714286
2024-08-26,204,189.57142857142858
2024-08-27,169,190.42857142857142
2024-08-28,155,189.14285714285714
2024-08-29,179,191.0
2024-08-30,228,192.71428571428572
2024-08-31,236,193.85714285714286
2024-09-01,225,199.42857142857142
2024-09-02,185,196.71428571428572
2024-09-03,164,196.0
2024-09-04,185,200.28571428571428
2024-09-05,192,202.14285714285714
2024-09-06,235,203.14285714285714
2024-09-07,235,203.0
2024-09-08,252,206.85714285714286
2024-09-09,199,208.85714285714286
2024-09-10,156,207.71428571428572
2024-09-11,185,207.71428571428572
2024-09-12,195,208.14285714285714
2024-09-13,208,204.28571428571428
2024-09-14,247,206.0
2024-09-15,257,206.71428571428572
2024-09-16,195,206.14285714285714
2024-09-17,179,209.42857142857142
2024-09-18,183,209.14285714285714
2024-09-19,195,209.14285714285714
2024-09-20,235,213.0
2024-09-21,225,209.85714285714286
2024-09-22,252,209.14285714285714
2024-09-23,188,208.14285714285714
2024-09-24,178,208.0
2024-09-25,200,210.42857142857142
2024-09-26,177,207.85714285714286
2024-09-27,235,207.85714285714286
2024-09-28,232,208.85714285714286
2024-09-29,210,202.85714285714286
2024-09-30,218,207.14285714285714
2024-10-01,180,207.42857142857142
2024-10-02,208,208.57142857142858
2024-10-03,183,209.42857142857142
2024-10-04,227,208.28571428571428
2024-10-05,242,209.71428571428572
2024-10-06,254,216.0
2024-10-07,188,211.71428571428572
2024-10-08,194,213.71428571428572
2024-10-09,179,209.57142857142858
2024-10-10,227,215.85714285714286
2024-10-11,261,220.71428571428572
2024-10-12,229,218.85714285714286
2024-10-13,238,216.57142857142858
2024-10-14,189,216.71428571428572
2024-10-15,189,216.0
2024-10-16,174,215.28571428571428
2024-10-17,205,212.14285714285714
2024-10-18,204,204.0
2024-10-19,231,204.28571428571428
2024-10-20,282,210.57142857142858
2024-10-21,173,208.28571428571428
2024-10-22,184,207.57142857142858
2024-10-23,183,208.85714285714286
2024-10-24,195,207.42857142857142
2024-10-25,223,210.14285714285714
2024-10-26,220,208.57142857142858
2024-10-27,201,197.0
2024-10-28,201,201.0
2024-10-29,179,200.28571428571428
2024-10-30,172,198.71428571428572
2024-10-31,191,198.14285714285714
2024-11-01,193,193.85714285714286
2024-11-02,240,196.71428571428572
2024-11-03,232,201.14285714285714
2024-11-04,208,202.14285714285714
2024-11-05,165,200.14285714285714
2024-11-06,179,201.14285714285714
2024-11-07,188,200.71428571428572
2024-11-08,255,209.57142857142858
2024-11-09,209,205.14285714285714
2024-11-10,249,207.57142857142858
2024-11-11,183,204.0
2024-11-12,196,208.42857142857142
2024-11-13,194,210.57142857142858
2024-11-14,230,216.57142857142858
2024-11-15,249,215.71428571428572
2024-11-16,222,217.57142857142858
2024-11-17,216,212.85714285714286
2024-11-18,186,213.28571428571428
2024-11-19,200,213.85714285714286
2024-11-20,155,208.28571428571428
2024-11-21,171,199.85714285714286
2024-11-22,223,196.14285714285714
2024-11-23,227,196.85714285714286
2024-11-24,214,196.57142857142858
2024-11-25,188,196.85714285714286
2024-11-26,183,194.42857142857142
2024-11-27,187,199.0
2024-11-28,187,201.28571428571428
2024-11-29,196,197.42857142857142
2024-11-30,210,195.0
2024-12-01,248,199.85714285714286
2024-12-02,197,201.14285714285714
2024-12-03,180,200.71428571428572
2024-12-04,176,199.14285714285714
2024-12-05,178,197.85714285714286
2024-12-06,245,204.85714285714286
2024-12-07,269,213.28571428571428
2024-12-08,215,208.57142857142858
2024-12-09,209,210.28571428571428
2024-12-10,191,211.85714285714286
2024-12-11,197,214.85714285714286
2024-12-12,196,217.42857142857142
2024-12-13,223,214.28571428571428
2024-12-14,265,213.71428571428572
2024-12-15,245,218.0
2024-12-16,187,214.85714285714286
2024-12-17,196,215.57142857142858
2024-12-18,192,214.85714285714286
2024-12-19,219,218.14285714285714
2024-12-20,280,226.28571428571428
2024-12-21,319,234.0
2024-12-22,281,239.14285714285714
2024-12-23,222,244.14285714285714
2024-12-24,178,241.57142857142858
2024-12-25,218,245.28571428571428
2024-12-26,192,241.42857142857142
2024-12-27,211,231.57142857142858
2024-12-28,200,214.57142857142858
2024-12-29,145,195.14285714285714
2024-12-30,157,185.85714285714286
2024-12-31,156,182.71428571428572
2025-01-01,193,179.14285714285714
2025-01-02,161,174.71428571428572
2025-01-03,179,170.14285714285714
2025-01-04,179,167.14285714285714
2025-01-05,164,169.85714285714286
2025-01-06,173,172.14285714285714
2025-01-07,146,170.71428571428572
2025-01-08,158,165.71428571428572
2025-01-09,165,166.28571428571428
2025-01-10,183,166.85714285714286
2025-01-11,192,168.71428571428572
2025-01-12,200,173.85714285714286
2025-01-13,182,175.14285714285714
2025-01-14,175,179.28571428571428
2025-01-15,187,183.42857142857142
2025-01-16,155,182.0
2025-01-17,192,183.28571428571428
2025-01-18,183,182.0
2025-01-19,203,182.42857142857142
2025-01-20,206,185.85714285714286
2025-01-21,168,184.85714285714286
2025-01-22,173,182.85714285714286
2025-01-23,165,184.28571428571428
2025-01-24,174,181.71428571428572
2025-01-25,208,185.28571428571428
2025-01-26,228,188.85714285714286
2025-01-27,185,185.85714285714286
2025-01-28,150,183.28571428571428
2025-01-29,146,179.42857142857142
2025-01-30,166,179.57142857142858
2025-01-31,189,181.71428571428572
2025-02-01,187,178.71428571428572
2025-02-02,220,177.57142857142858
2025-02-03,176,176.28571428571428
2025-02-04,156,177.14285714285714
2025-02-05,165,179.85714285714286
2025-02-06,176,181.28571428571428
2025-02-07,199,182.71428571428572
2025-02-08,228,188.57142857142858
2025-02-09,238,191.14285714285714
2025-02-10,187,192.71428571428572
2025-02-11,171,194.85714285714286
2025-02-12,171,195.71428571428572
2025-02-13,153,192.42857142857142
2025-02-14,197,192.14285714285714
2025-02-15,202,188.42857142857142
2025-02-16,220,185.85714285714286
2025-02-17,193,186.71428571428572
2025-02-18,167,186.14285714285714
2025-02-19,161,184.71428571428572
2025-02-20,147,183.85714285714286
2025-02-21,169,179.85714285714286
2025-02-22,219,182.28571428571428
2025-02-23,210,180.85714285714286
2025-02-24,232,186.42857142857142
2025-02-25,161,185.57142857142858
2025-02-26,189,189.57142857142858
2025-02-27,174,193.42857142857142
2025-02-28,219,200.57142857142858
2025-03-01,246,204.42857142857142
2025-03-02,227,206.85714285714286
2025-03-03,159,196.42857142857142
2025-03-04,167,197.28571428571428
2025-03-05,172,194.85714285714286
2025-03-06,184,196.28571428571428
2025-03-07,207,194.57142857142858
2025-03-08,202,188.28571428571428
2025-03-09,206,185.28571428571428
2025-03-10,179,188.14285714285714
2025-03-11,163,187.57142857142858
2025-03-12,175,188.0
2025-03-13,197,189.85714285714286
2025-03-14,208,190.0
2025-03-15,202,190.0
2025-03-16,209,190.42857142857142
2025-03-17,189,191.85714285714286
2025-03-18,173,193.28571428571428
2025-03-19,176,193.42857142857142
2025-03-20,183,191.42857142857142
2025-03-21,188,188.57142857142858
2025-03-22,195,187.57142857142858
2025-03-23,212,188.0
2025-03-24,199,189.42857142857142
2025-03-25,184,191.0
2025-03-26,168,189.85714285714286
2025-03-27,185,190.14285714285714
2025-03-28,225,195.42857142857142
2025-03-29,208,197.28571428571428
2025-03-30,199,195.42857142857142
2025-03-31,173,191.71428571428572
2025-04-01,138,185.14285714285714
2025-04-02,193,188.71428571428572
2025-04-03,161,185.28571428571428
2025-04-04,237,187.0
2025-04-05,217,188.28571428571428
2025-04-06,195,187.71428571428572
2025-04-07,187,189.71428571428572
2025-04-08,157,192.42857142857142
2025-04-09,177,190.14285714285714
2025-04-10,158,189.71428571428572
2025-04-11,221,187.42857142857142
2025-04-12,227,188.85714285714286
2025-04-13,227,193.42857142857142
2025-04-14,183,192.85714285714286
2025-04-15,172,195.0
2025-04-16,214,200.28571428571428
2025-04-17,246,212.85714285714286
2025-04-18,215,212.0
2025-04-19,190,206.71428571428572
2025-04-20,200,202.85714285714286
2025-04-21,247,212.0
2025-04-22,178,212.85714285714286
2025-04-23,152,204.0
2025-04-24,171,193.28571428571428
2025-04-25,187,189.28571428571428
2025-04-26,188,189.0
2025-04-27,198,188.71428571428572
2025-04-28,170,177.71428571428572
2025-04-29,168,176.28571428571428
2025-04-30,212,184.85714285714286
2025-05-01,175,185.42857142857142
2025-05-02,196,186.71428571428572
2025-05-03,175,184.85714285714286
2025-05-04,183,182.71428571428572
2025-05-05,195,186.28571428571428
2025-05-06,154,184.28571428571428
2025-05-07,168,178.0
2025-05-08,160,175.85714285714286
2025-05-09,235,181.42857142857142
2025-05-10,264,194.14285714285714
2025-05-11,237,201.85714285714286
2025-05-12,217,205.0
2025-05-13,171,207.42857142857142
2025-05-14,174,208.28571428571428
2025-05-15,178,210.85714285714286
2025-05-16,202,206.14285714285714
2025-05-17,241,202.85714285714286
2025-05-18,227,201.42857142857142
2025-05-19,209,200.28571428571428
2025-05-20,178,201.28571428571428
2025-05-21,183,202.57142857142858
2025-05-22,177,202.42857142857142
2025-05-23,212,203.85714285714286
2025-05-24,218,200.57142857142858
2025-05-25,196,196.14285714285714
2025-05-26,212,196.57142857142858
2025-05-27,164,194.57142857142858
2025-05-28,188,195.28571428571428
2025-05-29,156,192.28571428571428
2025-05-30,214,192.57142857142858
2025-05-31,237,195.28571428571428
2025-06-01,225,199.42857142857142
2025-06-02,183,195.28571428571428
2025-06-03,180,197.57142857142858
2025-06-04,212,201.0
2025-06-05,186,205.28571428571428
2025-06-06,239,208.85714285714286
2025-06-07,245,210.0
2025-06-08,246,213.0
2025-06-09,218,218.0
2025-06-10,162,215.42857142857142
2025-06-11,199,213.57142857142858
2025-06-12,208,216.71428571428572
2025-06-13,226,214.85714285714286
2025-06-14,189,206.85714285714286
2025-06-15,182,197.71428571428572
2025-06-16,186,193.14285714285714
2025-06-17,193,197.57142857142858
2025-06-18,206,198.57142857142858
2025-06-19,203,197.85714285714286
2025-06-20,188,192.42857142857142
2025-06-21,178,190.85714285714286
2025-06-22,222,196.57142857142858
2025-06-23,211,200.14285714285714
2025-06-24,195,200.42857142857142
2025-06-25,165,194.57142857142858
2025-06-26,207,195.14285714285714
2025-06-27,221,199.85714285714286
2025-06-28,208,204.14285714285714
2025-06-29,212,202.71428571428572
2025-06-30,227,205.0
2025-07-01,181,203.0
2025-07-02,173,204.14285714285714
2025-07-03,178,200.0
2025-07-04,242,203.0
2025-07-05,252,209.28571428571428
2025-07-06,218,210.14285714285714
2025-07-07,203,206.71428571428572
2025-07-08,199,209.28571428571428
2025-07-09,193,212.14285714285714
2025-07-10,195,214.57142857142858
2025-07-11,200,208.57142857142858
2025-07-12,216,203.42857142857142
2025-07-13,213,202.71428571428572
2025-07-14,199,202.14285714285714
2025-07-15,196,201.71428571428572
2025-07-16,173,198.85714285714286
2025-07-17,160,193.85714285714286
2025-07-18,216,196.14285714285714
2025-07-19,253,201.42857142857142
2025-07-20,214,201.57142857142858
2025-07-21,191,200.42857142857142
2025-07-22,207,202.0
2025-07-23,172,201.85714285714286
2025-07-24,184,205.28571428571428
2025-07-25,243,209.14285714285714
2025-07-26,210,203.0
2025-07-27,245,207.42857142857142
2025-07-28,205,209.42857142857142
2025-07-29,155,202.0
2025-07-30,171,201.85714285714286
2025-07-31,181,201.42857142857142
2025-08-01,232,199.85714285714286
2025-08-02,226,202.14285714285714
2025-08-03,221,198.71428571428572
2025-08-04,196,197.42857142857142
2025-08-05,176,200.42857142857142
2025-08-06,183,202.14285714285714
2025-08-07,208,206.0
2025-08-08,231,205.85714285714286
2025-08-09,261,210.85714285714286
2025-08-10,243,214.0
2025-08-11,212,216.28571428571428
2025-08-12,160,214.0
2025-08-13,181,213.71428571428572
2025-08-14,182,210.0
2025-08-15,190,204.14285714285714
2025-08-16,216,197.71428571428572
2025-08-17,218,194.14285714285714
2025-08-18,175,188.85714285714286
2025-08-19,165,189.57142857142858
2025-08-20,172,188.28571428571428
2025-08-21,172,186.85714285714286
2025-08-22,210,189.71428571428572
2025-08-23,227,191.28571428571428
2025-08-24,234,193.57142857142858
2025-08-25,161,191.57142857142858
2025-08-26,198,196.28571428571428
2025-08-27,156,194.0
2025-08-28,183,195.57142857142858
2025-08-29,239,199.71428571428572
2025-08-30,230,200.14285714285714
2025-08-31,188,193.57142857142858
2025-09-01,177,195.85714285714286
2025-09-02,166,191.28571428571428
2025-09-03,189,196.0
2025-09-04,187,196.57142857142858
2025-09-05,233,195.71428571428572
2025-09-06,236,196.57142857142858
2025-09-07,213,200.14285714285714
2025-09-08,187,201.57142857142858
2025-09-09,169,202.0
2025-09-10,184,201.28571428571428
2025-09-11,181,200.42857142857142
2025-09-12,232,200.28571428571428
2025-09-13,243,201.28571428571428
2025-09-14,243,205.57142857142858
2025-09-15,199,207.28571428571428
2025-09-16,168,207.14285714285714
2025-09-17,163,204.14285714285714
2025-09-18,180,204.0
2025-09-19,233,204.14285714285714
2025-09-20,249,205.0
2025-09-21,275,209.57142857142858
2025-09-22,240,215.42857142857142
2025-09-23,160,214.28571428571428
2025-09-24,165,214.57142857142858
2025-09-25,179,214.42857142857142
2025-09-26,188,208.0
2025-09-27,228,205.0
2025-09-28,202,194.57142857142858
2025-09-29,184,186.57142857142858
2025-09-30,164,187.14285714285714
2025-10-01,163,186.85714285714286
2025-10-02,178,186.71428571428572
2025-10-03,207,189.42857142857142
2025-10-04,242,191.42857142857142
2025-10-05,216,193.42857142857142
2025-10-06,202,196.0
2025-10-07,184,198.85714285714286
2025-10-08,199,204.0
2025-10-09,183,204.71428571428572
2025-10-10,231,208.14285714285714
2025-10-11,239,207.71428571428572
2025-10-12,254,213.14285714285714
2025-10-13,183,210.42857142857142
2025-10-14,179,209.71428571428572
2025-10-15,165,204.85714285714286
2025-10-16,184,205.0
2025-10-17,238,206.0
2025-10-18,214,202.42857142857142
2025-10-19,227,198.57142857142858
2025-10-20,213,202.85714285714286
2025-10-21,175,202.28571428571428
2025-10-22,162,201.85714285714286
2025-10-23,186,202.14285714285714
2025-10-24,223,200.0
2025-10-25,242,204.0
2025-10-26,224,203.57142857142858
2025-10-27,201,201.85714285714286
2025-10-28,172,201.42857142857142
2025-10-29,174,203.14285714285714
2025-10-30,186,203.14285714285714
2025-10-31,206,200.71428571428572
2025-11-01,198,194.42857142857142
2025-11-02,208,192.14285714285714
2025-11-03,187,190.14285714285714
2025-11-04,157,188.0
2025-11-05,173,187.85714285714286
2025-11-06,156,183.57142857142858
2025-11-07,240,188.42857142857142
2025-11-08,255,196.57142857142858
2025-11-09,247,202.14285714285714
2025-11-10,205,204.71428571428572
2025-11-11,170,206.57142857142858
2025-11-12,192,209.28571428571428
2025-11-13,185,213.42857142857142
2025-11-14,224,211.14285714285714
2025-11-15,232,207.85714285714286
2025-11-16,228,205.14285714285714
2025-11-17,212,206.14285714285714
2025-11-18,197,210.0
2025-11-19,210,212.57142857142858
2025-11-20,207,215.71428571428572
2025-11-21,206,213.14285714285714
2025-11-22,195,207.85714285714286
2025-11-23,265,213.14285714285714
2025-11-24,190,210.0
2025-11-25,168,205.85714285714286
2025-11-26,171,200.28571428571428
2025-11-27,191,198.0
2025-11-28,236,202.28571428571428
2025-11-29,271,213.14285714285714
2025-11-30,233,208.57142857142858
2025-12-01,219,212.71428571428572
2025-12-02,170,213.0
2025-12-03,208,218.28571428571428
2025-12-04,201,219.71428571428572
2025-12-05,228,218.57142857142858
2025-12-06,238,213.85714285714286
2025-12-07,245,215.57142857142858
2025-12-08,232,217.42857142857142
2025-12-09,210,223.14285714285714
2025-12-10,188,220.28571428571428
2025-12-11,184,217.85714285714286
2025-12-12,281,225.42857142857142
2025-12-13,269,229.85714285714286
2025-12-14,265,232.71428571428572
2025-12-15,200,228.14285714285714
2025-12-16,191,225.42857142857142
2025-12-17,217,229.57142857142858
2025-12-18,209,233.14285714285714
2025-12-19,270,231.57142857142858
2025-12-20,285,233.85714285714286
2025-12-21,251,231.85714285714286
2025-12-22,245,238.28571428571428
2025-12-23,231,244.0
2025-12-24,204,242.14285714285714
2025-12-25,188,239.14285714285714
2025-12-26,196,228.57142857142858
2025-12-27,199,216.28571428571428
2025-12-28,194,208.14285714285714
2025-12-29,189,200.14285714285714
2025-12-30,203,196.14285714285714
2025-12-31,178,192.42857142857142
2026-01-01,195,193.42857142857142
2026-01-02,185,191.85714285714286
2026-01-03,203,192.42857142857142
2026-01-04,210,194.71428571428572
2026-01-05,186,194.28571428571428
2026-01-06,152,187.0
2026-01-07,174,186.42857142857142
2026-01-08,170,182.85714285714286
2026-01-09,172,181.0
2026-01-10,218,183.14285714285714
2026-01-11,207,182.71428571428572
2026-01-12,178,181.57142857142858
2026-01-13,137,179.42857142857142
2026-01-14,173,179.28571428571428
2026-01-15,175,180.0
2026-01-16,192,182.85714285714286
2026-01-17,229,184.42857142857142
2026-01-18,247,190.14285714285714
2026-01-19,192,192.14285714285714
2026-01-20,154,194.57142857142858
2026-01-21,210,199.85714285714286
2026-01-22,172,199.42857142857142
2026-01-23,206,201.42857142857142
2026-01-24,202,197.57142857142858
2026-01-25,195,190.14285714285714
2026-01-26,155,184.85714285714286
2026-01-27,166,186.57142857142858
2026-01-28,172,181.14285714285714
2026-01-29,180,182.28571428571428
2026-01-30,213,183.28571428571428
2026-01-31,204,183.57142857142858
2026-02-01,193,183.28571428571428
2026-02-02,201,189.85714285714286
2026-02-03,210,196.14285714285714
2026-02-04,178,197.0
2026-02-05,176,196.42857142857142
2026-02-06,212,196.28571428571428
2026-02-07,240,201.42857142857142
2026-02-08,249,209.42857142857142
2026-02-09,196,208.71428571428572
2026-02-10,177,204.0
2026-02-11,184,204.85714285714286
2026-02-12,203,208.71428571428572
2026-02-13,281,218.57142857142858
2026-02-14,247,219.57142857142858
2026-02-15,196,212.0
2026-02-16,145,204.71428571428572
2026-02-17,189,206.42857142857142
2026-02-18,206,209.57142857142858
2026-02-19,166,204.28571428571428
2026-02-20,214,194.71428571428572
2026-02-21,195,187.28571428571428
2026-02-22,199,187.71428571428572
2026-02-23,198,195.28571428571428
2026-02-24,163,191.57142857142858
2026-02-25,166,185.85714285714286
2026-02-26,194,189.85714285714286
2026-02-27,223,191.14285714285714
2026-02-28,195,191.14285714285714
2026-03-01,185,189.14285714285714
2026-03-02,164,184.28571428571428
2026-03-03,183,187.14285714285714
2026-03-04,174,188.28571428571428
2026-03-05,179,186.14285714285714
2026-03-06,227,186.71428571428572
2026-03-07,219,190.14285714285714
2026-03-08,233,197.0
2026-03-09,206,203.0
2026-03-10,220,208.28571428571428
2026-03-11,178,208.85714285714286
2026-03-12,187,210.0
2026-03-13,219,208.85714285714286
2026-03-14,210,207.57142857142858
2026-03-15,206,203.71428571428572
2026-03-16,200,202.85714285714286
2026-03-17,175,196.42857142857142
2026-03-18,180,196.71428571428572
2026-03-19,198,198.28571428571428
2026-03-20,228,199.57142857142858
2026-03-21,190,196.71428571428572
2026-03-22,221,198.85714285714286
2026-03-23,184,196.57142857142858
2026-03-24,160,194.42857142857142
2026-03-25,167,192.57142857142858
2026-03-26,209,194.14285714285714
2026-03-27,221,193.14285714285714
2026-03-28,231,199.0
2026-03-29,189,194.42857142857142
2026-03-30,210,198.14285714285714
2026-03-31,180,201.0
2026-04-01,198,205.42857142857142
2026-04-02,214,206.14285714285714
2026-04-03,156,196.85714285714286
2026-04-04,197,192.0
2026-04-05,254,201.28571428571428
2026-04-06,219,202.57142857142858
2026-04-07,194,204.57142857142858
2026-04-08,183,202.42857142857142
2026-04-09,157,194.28571428571428
2026-04-10,214,202.57142857142858
2026-04-11,234,207.85714285714286
2026-04-12,215,202.28571428571428
2026-04-13,188,197.85714285714286
2026-04-14,174,195.0
2026-04-15,179,194.42857142857142
2026-04-16,198,200.28571428571428
2026-04-17,248,205.14285714285714
2026-04-18,218,202.85714285714286
2026-04-19,245,207.14285714285714
2026-04-20,166,204.0
2026-04-21,171,203.57142857142858
2026-04-22,206,207.42857142857142
2026-04-23,174,204.0
2026-04-24,177,193.85714285714286
2026-04-25,178,188.14285714285714
2026-04-26,219,184.42857142857142
2026-04-27,187,187.42857142857142
2026-04-28,179,188.57142857142858
2026-04-29,178,184.57142857142858
2026-04-30,262,197.14285714285714
2026-05-01,216,202.71428571428572
2026-05-02,197,205.42857142857142
2026-05-03,228,206.71428571428572
2026-05-04,206,209.42857142857142
2026-05-05,177,209.14285714285714
2026-05-06,184,210.0
2026-05-07,178,198.0
2026-05-08,232,200.28571428571428
2026-05-09,245,207.14285714285714
2026-05-10,252,210.57142857142858
2026-05-11,215,211.85714285714286
2026-05-12,175,211.57142857142858
2026-05-13,150,206.71428571428572
2026-05-14,170,205.57142857142858
2026-05-15,217,203.42857142857142
2026-05-16,219,199.71428571428572
2026-05-17,221,195.28571428571428
2026-05-18,199,193.0
2026-05-19,149,189.28571428571428
2026-05-20,164,191.28571428571428
2026-05-21,186,193.57142857142858
2026-05-22,178,188.0
2026-05-23,193,184.28571428571428
2026-05-24,227,185.14285714285714
2026-05-25,187,183.42857142857142
2026-05-26,162,185.28571428571428
2026-05-27,130,180.42857142857142
2026-05-28,83,165.71428571428572
2026-05-29,105,155.28571428571428
2026-05-30,107,143.0
2026-05-31,51,117.85714285714286
2026-06-01,35,96.14285714285714
2026-06-02,40,78.71428571428571
2026-06-03,120,77.28571428571429
2026-06-04,146,86.28571428571429
2026-06-05,151,92.85714285714286
2026-06-06,167,101.42857142857143
2026-06-07,249,129.71428571428572
2026-06-08,199,153.14285714285714
2026-06-09,175,172.42857142857142
2026-06-10,176,180.42857142857142
2026-06-11,212,189.85714285714286
2026-06-12,248,203.71428571428572
2026-06-13,207,209.42857142857142
2026-06-14,232,207.0
2026-06-15,187,205.28571428571428
2026-06-16,182,206.28571428571428
2026-06-17,188,208.0
2026-06-18,173,202.42857142857142
2026-06-19,211,197.14285714285714
2026-06-20,210,197.57142857142858
2026-06-21,190,191.57142857142858
2026-06-22,193,192.42857142857142
2026-06-23,173,191.14285714285714
2026-06-24,153,186.14285714285714
2026-06-25,98,175.42857142857142
2026-06-26,49,152.28571428571428
2026-06-27,65,131.57142857142858
2026-06-28,3,104.85714285714286
2026-06-29,1,77.42857142857143
2026-06-30,1,52.857142857142854
2026-07-03,4,31.571428571428573
2026-07-08,1,17.714285714285715
2026-07-10,3,11.142857142857142
2026-07-11,3,2.2857142857142856
2026-07-12,1,2.0
2026-07-13,2,2.142857142857143
2026-07-15,3,2.4285714285714284
2026-07-16,1,2.0
2026-07-17,3,2.2857142857142856
2026-07-18,7,2.857142857142857
2026-07-19,3,2.857142857142857
2026-07-20,5,3.4285714285714284
2026-07-21,3,3.5714285714285716
2026-07-22,7,4.142857142857143
2026-07-23,2,4.285714285714286
2026-07-24,5,4.571428571428571
2026-07-25,7,4.571428571428571
2026-07-26,6,5.0
2026-07-27,6,5.142857142857143
2026-07-28,6,5.571428571428571
2026-07-29,7,5.571428571428571
2026-07-30,16,7.571428571428571
2026-07-31,21,9.857142857142858
