dia,n,media_movel_7d,incompleto
2022-01-01,164.0,176.5,False
2022-01-02,209.0,171.4,False
2022-01-03,193.0,169.33333333333334,False
2022-01-04,140.0,167.85714285714286,False
2022-01-05,151.0,172.42857142857142,False
2022-01-06,159.0,169.28571428571428,False
2022-01-07,159.0,163.42857142857142,False
2022-01-08,196.0,158.71428571428572,False
2022-01-09,187.0,155.14285714285714,False
2022-01-10,152.0,153.85714285714286,False
2022-01-11,107.0,156.14285714285714,False
2022-01-12,126.0,157.28571428571428,False
2022-01-13,150.0,159.85714285714286,False
2022-01-14,175.0,163.0,False
2022-01-15,204.0,169.28571428571428,False
2022-01-16,205.0,170.85714285714286,False
2022-01-17,174.0,170.42857142857142,False
2022-01-18,151.0,168.42857142857142,False
2022-01-19,137.0,168.57142857142858,False
2022-01-20,147.0,167.28571428571428,False
2022-01-21,161.0,161.14285714285714,False
2022-01-22,205.0,158.85714285714286,False
2022-01-23,196.0,158.28571428571428,False
2022-01-24,131.0,157.42857142857142,False
2022-01-25,135.0,160.71428571428572,False
2022-01-26,133.0,154.71428571428572,False
2022-01-27,141.0,150.85714285714286,False
2022-01-28,184.0,152.85714285714286,False
2022-01-29,163.0,150.85714285714286,False
2022-01-30,169.0,150.85714285714286,False
2022-01-31,145.0,149.14285714285714,False
2022-02-01,121.0,149.0,False
2022-02-02,133.0,156.14285714285714,False
2022-02-03,129.0,162.42857142857142,False
2022-02-04,183.0,168.71428571428572,False
2022-02-05,213.0,172.71428571428572,False
2022-02-06,213.0,174.14285714285714,False
2022-02-07,189.0,175.0,False
2022-02-08,149.0,175.57142857142858,False
2022-02-09,143.0,180.71428571428572,False
2022-02-10,135.0,181.85714285714286,False
2022-02-11,187.0,177.14285714285714,False
2022-02-12,249.0,175.57142857142858,False
2022-02-13,221.0,175.28571428571428,False
2022-02-14,156.0,176.57142857142858,False
2022-02-15,138.0,173.42857142857142,False
2022-02-16,141.0,166.71428571428572,False
2022-02-17,144.0,164.85714285714286,False
2022-02-18,165.0,167.42857142857142,False
2022-02-19,202.0,166.85714285714286,False
2022-02-20,208.0,167.85714285714286,False
2022-02-21,174.0,168.71428571428572,False
2022-02-22,134.0,176.57142857142858,False
2022-02-23,148.0,182.14285714285714,False
2022-02-24,150.0,184.85714285714286,False
2022-02-25,220.0,182.28571428571428,False
2022-02-26,241.0,186.42857142857142,False
2022-02-27,227.0,187.14285714285714,False
2022-02-28,156.0,193.42857142857142,False
2022-03-01,163.0,184.28571428571428,False
2022-03-02,153.0,179.42857142857142,False
2022-03-03,194.0,174.57142857142858,False
2022-03-04,156.0,174.0,False
2022-03-05,207.0,173.28571428571428,False
2022-03-06,193.0,174.85714285714286,False
2022-03-07,152.0,167.28571428571428,False
2022-03-08,158.0,172.57142857142858,False
2022-03-09,164.0,173.57142857142858,False
2022-03-10,141.0,177.14285714285714,False
2022-03-11,193.0,181.57142857142858,False
2022-03-12,214.0,180.0,False
2022-03-13,218.0,175.28571428571428,False
2022-03-14,183.0,173.71428571428572,False
2022-03-15,147.0,172.0,False
2022-03-16,131.0,171.57142857142858,False
2022-03-17,130.0,167.14285714285714,False
2022-03-18,181.0,163.57142857142858,False
2022-03-19,211.0,159.71428571428572,False
2022-03-20,187.0,160.0,False
2022-03-21,158.0,163.57142857142858,False
2022-03-22,120.0,162.71428571428572,False
2022-03-23,133.0,161.28571428571428,False
2022-03-24,155.0,161.0,False
2022-03-25,175.0,162.42857142857142,False
2022-03-26,201.0,161.71428571428572,False
2022-03-27,185.0,162.14285714285714,False
2022-03-28,168.0,161.85714285714286,False
2022-03-29,115.0,163.28571428571428,False
2022-03-30,136.0,165.0,False
2022-03-31,153.0,168.0,False
2022-04-01,185.0,166.0,False
2022-04-02,213.0,170.85714285714286,False
2022-04-03,206.0,174.28571428571428,False
2022-04-04,154.0,177.85714285714286,False
2022-04-05,149.0,181.85714285714286,False
2022-04-06,160.0,182.85714285714286,False
2022-04-07,178.0,182.14285714285714,False
2022-04-08,213.0,184.71428571428572,False
2022-04-09,220.0,185.71428571428572,False
2022-04-10,201.0,190.14285714285714,False
2022-04-11,172.0,193.57142857142858,False
2022-04-12,156.0,182.57142857142858,False
2022-04-13,191.0,172.42857142857142,False
2022-04-14,202.0,179.28571428571428,False
2022-04-15,136.0,181.85714285714286,False
2022-04-16,149.0,181.85714285714286,False
2022-04-17,249.0,176.42857142857142,False
2022-04-18,190.0,169.0,False
2022-04-19,156.0,173.85714285714286,False
2022-04-20,153.0,181.85714285714286,False
2022-04-21,150.0,176.42857142857142,False
2022-04-22,170.0,174.85714285714286,False
2022-04-23,205.0,170.71428571428572,False
2022-04-24,211.0,169.14285714285714,False
2022-04-25,179.0,167.42857142857142,False
2022-04-26,127.0,170.57142857142858,False
2022-04-27,142.0,168.71428571428572,False
2022-04-28,138.0,168.28571428571428,False
2022-04-29,192.0,168.71428571428572,False
2022-04-30,192.0,173.0,False
2022-05-01,208.0,172.85714285714286,False
2022-05-02,182.0,175.14285714285714,False
2022-05-03,157.0,173.0,False
2022-05-04,141.0,175.28571428571428,False
2022-05-05,154.0,175.57142857142858,False
2022-05-06,177.0,175.0,False
2022-05-07,208.0,174.57142857142858,False
2022-05-08,210.0,176.85714285714286,False
2022-05-09,178.0,177.85714285714286,False
2022-05-10,154.0,178.57142857142858,False
2022-05-11,157.0,179.0,False
2022-05-12,161.0,178.85714285714286,False
2022-05-13,182.0,178.14285714285714,False
2022-05-14,211.0,174.42857142857142,False
2022-05-15,209.0,170.14285714285714,False
2022-05-16,173.0,167.14285714285714,False
2022-05-17,128.0,167.57142857142858,False
2022-05-18,127.0,165.42857142857142,False
2022-05-19,140.0,163.42857142857142,False
2022-05-20,185.0,163.0,False
2022-05-21,196.0,166.85714285714286,False
2022-05-22,195.0,174.57142857142858,False
2022-05-23,170.0,176.28571428571428,False
2022-05-24,155.0,177.0,False
2022-05-25,181.0,177.71428571428572,False
2022-05-26,152.0,179.57142857142858,False
2022-05-27,190.0,179.42857142857142,False
2022-05-28,201.0,177.28571428571428,False
2022-05-29,208.0,173.14285714285714,False
2022-05-30,169.0,174.42857142857142,False
2022-05-31,140.0,172.57142857142858,False
2022-06-01,152.0,172.85714285714286,False
2022-06-02,161.0,171.42857142857142,False
2022-06-03,177.0,171.0,False
2022-06-04,203.0,173.57142857142858,False
2022-06-05,198.0,172.71428571428572,False
2022-06-06,166.0,171.71428571428572,False
2022-06-07,158.0,172.28571428571428,False
2022-06-08,146.0,168.0,False
2022-06-09,154.0,169.0,False
2022-06-10,181.0,168.42857142857142,False
2022-06-11,173.0,168.14285714285714,False
2022-06-12,205.0,174.0,False
2022-06-13,162.0,175.57142857142858,False
2022-06-14,156.0,169.85714285714286,False
2022-06-15,187.0,174.42857142857142,False
2022-06-16,165.0,174.14285714285714,False
2022-06-17,141.0,177.71428571428572,False
2022-06-18,205.0,177.71428571428572,False
2022-06-19,203.0,174.42857142857142,False
2022-06-20,187.0,175.57142857142858,False
2022-06-21,156.0,183.71428571428572,False
2022-06-22,164.0,177.57142857142858,False
2022-06-23,173.0,177.14285714285714,False
2022-06-24,198.0,173.0,False
2022-06-25,162.0,169.42857142857142,False
2022-06-26,200.0,167.0,False
2022-06-27,158.0,163.14285714285714,False
2022-06-28,131.0,162.0,False
2022-06-29,147.0,169.0,False
2022-06-30,146.0,170.0,False
2022-07-01,190.0,170.57142857142858,False
2022-07-02,211.0,173.57142857142858,False
2022-07-03,207.0,175.57142857142858,False
2022-07-04,162.0,177.0,False
2022-07-05,152.0,179.85714285714286,False
2022-07-06,161.0,181.42857142857142,False
2022-07-07,156.0,180.57142857142858,False
2022-07-08,210.0,181.57142857142858,False
2022-07-09,222.0,180.57142857142858,False
2022-07-10,201.0,178.28571428571428,False
2022-07-11,169.0,179.14285714285714,False
2022-07-12,145.0,172.42857142857142,False
2022-07-13,145.0,169.85714285714286,False
2022-07-14,162.0,173.28571428571428,False
2022-07-15,163.0,170.57142857142858,False
2022-07-16,204.0,169.71428571428572,False
2022-07-17,225.0,173.28571428571428,False
2022-07-18,150.0,173.57142857142858,False
2022-07-19,139.0,183.85714285714286,False
2022-07-20,170.0,183.14285714285714,False
2022-07-21,164.0,188.14285714285714,False
2022-07-22,235.0,191.57142857142858,False
2022-07-23,199.0,192.28571428571428,False
2022-07-24,260.0,191.71428571428572,False
2022-07-25,174.0,189.0,False
2022-07-26,144.0,184.14285714285714,False
2022-07-27,166.0,184.42857142857142,False
2022-07-28,145.0,179.57142857142858,False
2022-07-29,201.0,178.28571428571428,False
2022-07-30,201.0,178.42857142857142,False
2022-07-31,226.0,179.71428571428572,False
2022-08-01,165.0,185.42857142857142,False
2022-08-02,145.0,185.0,False
2022-08-03,175.0,189.0,False
2022-08-04,185.0,185.85714285714286,False
2022-08-05,198.0,188.57142857142858,False
2022-08-06,229.0,189.85714285714286,False
2022-08-07,204.0,187.85714285714286,False
2022-08-08,184.0,185.85714285714286,False
2022-08-09,154.0,186.85714285714286,False
2022-08-10,161.0,185.71428571428572,False
2022-08-11,171.0,190.0,False
2022-08-12,205.0,189.28571428571428,False
2022-08-13,221.0,191.28571428571428,False
2022-08-14,234.0,190.85714285714286,False
2022-08-15,179.0,188.71428571428572,False
2022-08-16,168.0,187.14285714285714,False
2022-08-17,158.0,181.85714285714286,False
2022-08-18,156.0,176.42857142857142,False
2022-08-19,194.0,174.0,False
2022-08-20,184.0,172.28571428571428,False
2022-08-21,196.0,170.42857142857142,False
2022-08-22,162.0,170.42857142857142,False
2022-08-23,156.0,173.42857142857142,False
2022-08-24,145.0,175.14285714285714,False
2022-08-25,156.0,178.0,False
2022-08-26,215.0,181.28571428571428,False
2022-08-27,196.0,181.0,False
2022-08-28,216.0,183.0,False
2022-08-29,185.0,181.28571428571428,False
2022-08-30,154.0,179.57142857142858,False
2022-08-31,159.0,183.14285714285714,False
2022-09-01,144.0,185.14285714285714,False
2022-09-02,203.0,182.85714285714286,False
2022-09-03,221.0,186.42857142857142,False
2022-09-04,230.0,186.71428571428572,False
2022-09-05,169.0,189.71428571428572,False
2022-09-06,179.0,186.57142857142858,False
2022-09-07,161.0,188.0,False
2022-09-08,165.0,185.57142857142858,False
2022-09-09,181.0,184.71428571428572,False
2022-09-10,231.0,180.71428571428572,False
2022-09-11,213.0,180.85714285714286,False
2022-09-12,163.0,180.71428571428572,False
2022-09-13,151.0,186.85714285714286,False
2022-09-14,162.0,188.0,False
2022-09-15,164.0,191.57142857142858,False
2022-09-16,224.0,189.85714285714286,False
2022-09-17,239.0,190.42857142857142,False
2022-09-18,238.0,190.42857142857142,False
2022-09-19,151.0,193.28571428571428,False
2022-09-20,155.0,186.71428571428572,False
2022-09-21,162.0,182.0,False
2022-09-22,184.0,180.0,False
2022-09-23,178.0,185.28571428571428,False
2022-09-24,206.0,187.42857142857142,False
2022-09-25,224.0,185.57142857142858,False
2022-09-26,188.0,180.71428571428572,False
2022-09-27,170.0,180.57142857142858,False
2022-09-28,149.0,180.0,False
2022-09-29,150.0,176.85714285714286,False
2022-09-30,177.0,174.14285714285714,False
2022-10-01,202.0,169.85714285714286,False
2022-10-02,202.0,169.85714285714286,False
2022-10-03,169.0,173.0,False
2022-10-04,140.0,180.57142857142858,False
2022-10-05,149.0,184.0,False
2022-10-06,172.0,187.28571428571428,False
2022-10-07,230.0,187.42857142857142,False
2022-10-08,226.0,190.42857142857142,False
2022-10-09,225.0,192.14285714285714,False
2022-10-10,170.0,188.28571428571428,False
2022-10-11,161.0,182.71428571428572,False
2022-10-12,161.0,179.57142857142858,False
2022-10-13,145.0,181.57142857142858,False
2022-10-14,191.0,178.57142857142858,False
2022-10-15,204.0,174.57142857142858,False
2022-10-16,239.0,174.42857142857142,False
2022-10-17,149.0,179.0,False
2022-10-18,133.0,182.71428571428572,False
2022-10-19,160.0,183.71428571428572,False
2022-10-20,177.0,184.71428571428572,False
2022-10-21,217.0,189.85714285714286,False
2022-10-22,211.0,193.28571428571428,False
2022-10-23,246.0,191.14285714285714,False
2022-10-24,185.0,187.85714285714286,False
2022-10-25,157.0,184.71428571428572,False
2022-10-26,145.0,188.71428571428572,False
2022-10-27,154.0,190.14285714285714,False
2022-10-28,195.0,189.71428571428572,False
2022-10-29,239.0,184.0,False
2022-10-30,256.0,179.71428571428572,False
2022-10-31,182.0,179.14285714285714,False
2022-11-01,117.0,180.0,False
2022-11-02,115.0,172.0,False
2022-11-03,150.0,160.57142857142858,False
2022-11-04,201.0,158.0,False
2022-11-05,183.0,162.57142857142858,False
2022-11-06,176.0,169.14285714285714,False
2022-11-07,164.0,168.14285714285714,False
2022-11-08,149.0,170.28571428571428,False
2022-11-09,161.0,176.42857142857142,False
2022-11-10,143.0,185.28571428571428,False
2022-11-11,216.0,189.42857142857142,False
2022-11-12,226.0,197.71428571428572,False
2022-11-13,238.0,199.42857142857142,False
2022-11-14,193.0,200.85714285714286,False
2022-11-15,207.0,200.85714285714286,False
2022-11-16,173.0,194.85714285714286,False
2022-11-17,153.0,183.57142857142858,False
2022-11-18,216.0,177.14285714285714,False
2022-11-19,184.0,167.42857142857142,False
2022-11-20,159.0,162.14285714285714,False
2022-11-21,148.0,161.57142857142858,False
2022-11-22,139.0,156.85714285714286,False
2022-11-23,136.0,161.85714285714286,False
2022-11-24,149.0,170.28571428571428,False
2022-11-25,183.0,176.0,False
2022-11-26,219.0,181.42857142857142,False
2022-11-27,218.0,183.14285714285714,False
2022-11-28,188.0,181.28571428571428,False
2022-11-29,177.0,188.42857142857142,False
2022-11-30,148.0,191.0,False
2022-12-01,136.0,186.14285714285714,False
2022-12-02,233.0,184.0,False
2022-12-03,237.0,181.71428571428572,False
2022-12-04,184.0,185.28571428571428,False
2022-12-05,173.0,190.57142857142858,False
2022-12-06,161.0,185.0,False
2022-12-07,173.0,181.42857142857142,False
2022-12-08,173.0,185.85714285714286,False
2022-12-09,194.0,185.14285714285714,False
2022-12-10,212.0,183.85714285714286,False
2022-12-11,215.0,179.42857142857142,False
2022-12-12,168.0,179.28571428571428,False
2022-12-13,152.0,178.71428571428572,False
2022-12-14,142.0,185.42857142857142,False
2022-12-15,172.0,186.28571428571428,False
2022-12-16,190.0,185.85714285714286,False
2022-12-17,259.0,190.85714285714286,False
2022-12-18,221.0,198.28571428571428,False
2022-12-19,165.0,201.85714285714286,False
2022-12-20,187.0,212.0,False
2022-12-21,194.0,203.14285714285714,False
2022-12-22,197.0,200.71428571428572,False
2022-12-23,261.0,205.42857142857142,False
2022-12-24,197.0,203.85714285714286,False
2022-12-25,204.0,197.0,False
2022-12-26,198.0,193.28571428571428,False
2022-12-27,176.0,181.57142857142858,False
2022-12-28,146.0,177.42857142857142,False
2022-12-29,171.0,177.85714285714286,False
2022-12-30,179.0,176.42857142857142,False
2022-12-31,168.0,176.0,False
2023-01-01,207.0,179.14285714285714,False
2023-01-02,188.0,175.85714285714286,False
2023-01-03,173.0,171.28571428571428,False
2023-01-04,168.0,173.85714285714286,False
2023-01-05,148.0,173.85714285714286,False
2023-01-06,147.0,174.0,False
2023-01-07,186.0,167.28571428571428,False
2023-01-08,207.0,163.14285714285714,False
2023-01-09,189.0,165.14285714285714,False
2023-01-10,126.0,171.28571428571428,False
2023-01-11,139.0,171.71428571428572,False
2023-01-12,162.0,171.42857142857142,False
2023-01-13,190.0,167.28571428571428,False
2023-01-14,189.0,170.71428571428572,False
2023-01-15,205.0,169.71428571428572,False
2023-01-16,160.0,168.85714285714286,False
2023-01-17,150.0,170.71428571428572,False
2023-01-18,132.0,169.85714285714286,False
2023-01-19,156.0,166.42857142857142,False
2023-01-20,203.0,163.71428571428572,False
2023-01-21,183.0,160.28571428571428,False
2023-01-22,181.0,163.28571428571428,False
2023-01-23,141.0,164.14285714285714,False
2023-01-24,126.0,159.42857142857142,False
2023-01-25,153.0,161.57142857142858,False
2023-01-26,162.0,165.14285714285714,False
2023-01-27,170.0,167.85714285714286,False
2023-01-28,198.0,171.14285714285714,False
2023-01-29,206.0,165.71428571428572,False
2023-01-30,160.0,165.71428571428572,False
2023-01-31,149.0,166.71428571428572,False
2023-02-01,115.0,170.71428571428572,False
2023-02-02,162.0,168.42857142857142,False
2023-02-03,177.0,169.71428571428572,False
2023-02-04,226.0,168.28571428571428,False
2023-02-05,190.0,172.57142857142858,False
2023-02-06,169.0,171.85714285714286,False
2023-02-07,139.0,171.28571428571428,False
2023-02-08,145.0,170.14285714285714,False
2023-02-09,157.0,172.85714285714286,False
2023-02-10,173.0,173.28571428571428,False
2023-02-11,218.0,173.42857142857142,False
2023-02-12,209.0,174.14285714285714,False
2023-02-13,172.0,173.85714285714286,False
2023-02-14,140.0,177.71428571428572,False
2023-02-15,150.0,179.85714285714286,False
2023-02-16,155.0,181.42857142857142,False
2023-02-17,200.0,178.28571428571428,False
2023-02-18,233.0,177.57142857142858,False
2023-02-19,220.0,181.14285714285714,False
2023-02-20,150.0,178.28571428571428,False
2023-02-21,135.0,171.57142857142858,False
2023-02-22,175.0,158.42857142857142,False
2023-02-23,135.0,153.42857142857142,False
2023-02-24,153.0,154.0,False
2023-02-25,141.0,159.42857142857142,False
2023-02-26,185.0,152.85714285714286,False
2023-02-27,154.0,157.85714285714286,False
2023-02-28,173.0,163.71428571428572,False
2023-03-01,129.0,172.85714285714286,False
2023-03-02,170.0,176.42857142857142,False
2023-03-03,194.0,177.28571428571428,False
2023-03-04,205.0,175.42857142857142,False
2023-03-05,210.0,180.0,False
2023-03-06,160.0,180.14285714285714,False
2023-03-07,160.0,179.71428571428572,False
2023-03-08,161.0,179.42857142857142,False
2023-03-09,171.0,182.28571428571428,False
2023-03-10,191.0,183.42857142857142,False
2023-03-11,203.0,182.42857142857142,False
2023-03-12,230.0,184.14285714285714,False
2023-03-13,168.0,182.14285714285714,False
2023-03-14,153.0,182.71428571428572,False
2023-03-15,173.0,186.0,False
2023-03-16,157.0,184.14285714285714,False
2023-03-17,195.0,188.57142857142858,False
2023-03-18,226.0,190.28571428571428,False
2023-03-19,217.0,189.57142857142858,False
2023-03-20,199.0,189.0,False
2023-03-21,165.0,187.0,False
2023-03-22,168.0,184.0,False
2023-03-23,153.0,182.28571428571428,False
2023-03-24,181.0,179.57142857142858,False
2023-03-25,205.0,178.28571428571428,False
2023-03-26,205.0,175.85714285714286,False
2023-03-27,180.0,176.0,False
2023-03-28,156.0,179.57142857142858,False
2023-03-29,151.0,181.71428571428572,False
2023-03-30,154.0,182.85714285714286,False
2023-03-31,206.0,179.0,False
2023-04-01,220.0,178.42857142857142,False
2023-04-02,213.0,180.57142857142858,False
2023-04-03,153.0,188.42857142857142,False
2023-04-04,152.0,190.0,False
2023-04-05,166.0,183.28571428571428,False
2023-04-06,209.0,184.28571428571428,False
2023-04-07,217.0,190.14285714285714,False
2023-04-08,173.0,189.14285714285714,False
2023-04-09,220.0,186.85714285714286,False
2023-04-10,194.0,177.14285714285714,False
2023-04-11,145.0,175.28571428571428,False
2023-04-12,150.0,176.28571428571428,False
2023-04-13,141.0,174.57142857142858,False
2023-04-14,204.0,176.0,False
2023-04-15,180.0,176.57142857142858,False
2023-04-16,208.0,179.28571428571428,False
2023-04-17,204.0,191.14285714285714,False
2023-04-18,149.0,190.0,False
2023-04-19,169.0,187.57142857142858,False
2023-04-20,224.0,186.42857142857142,False
2023-04-21,196.0,184.42857142857142,False
2023-04-22,163.0,188.28571428571428,False
2023-04-23,200.0,188.42857142857142,False
2023-04-24,190.0,180.57142857142858,False
2023-04-25,176.0,186.42857142857142,False
2023-04-26,170.0,194.42857142857142,False
2023-04-27,169.0,193.28571428571428,False
2023-04-28,237.0,196.14285714285714,False
2023-04-29,219.0,194.14285714285714,False
2023-04-30,192.0,192.0,False
2023-05-01,210.0,189.42857142857142,False
2023-05-02,162.0,183.28571428571428,False
2023-05-03,155.0,183.57142857142858,False
2023-05-04,151.0,180.0,False
2023-05-05,194.0,177.85714285714286,False
2023-05-06,221.0,175.71428571428572,False
2023-05-07,167.0,175.28571428571428,False
2023-05-08,195.0,181.57142857142858,False
2023-05-09,147.0,180.14285714285714,False
2023-05-10,152.0,182.85714285714286,False
2023-05-11,195.0,193.42857142857142,False
2023-05-12,184.0,188.42857142857142,False
2023-05-13,240.0,188.28571428571428,False
2023-05-14,241.0,186.42857142857142,False
2023-05-15,160.0,183.42857142857142,False
2023-05-16,146.0,185.42857142857142,False
2023-05-17,139.0,182.28571428571428,False
2023-05-18,174.0,177.42857142857142,False
2023-05-19,198.0,177.85714285714286,False
2023-05-20,218.0,178.0,False
2023-05-21,207.0,180.85714285714286,False
2023-05-22,163.0,181.57142857142858,False
2023-05-23,147.0,182.42857142857142,False
2023-05-24,159.0,184.14285714285714,False
2023-05-25,179.0,184.85714285714286,False
2023-05-26,204.0,185.57142857142858,False
2023-05-27,230.0,186.42857142857142,False
2023-05-28,212.0,187.57142857142858,False
2023-05-29,168.0,187.42857142857142,False
2023-05-30,153.0,186.28571428571428,False
2023-05-31,167.0,186.14285714285714,False
2023-06-01,178.0,184.0,False
2023-06-02,196.0,186.42857142857142,False
2023-06-03,229.0,186.42857142857142,False
2023-06-04,197.0,191.14285714285714,False
2023-06-05,185.0,194.85714285714286,False
2023-06-06,153.0,192.42857142857142,False
2023-06-07,200.0,189.0,False
2023-06-08,204.0,196.71428571428572,False
2023-06-09,179.0,198.28571428571428,False
2023-06-10,205.0,199.57142857142858,False
2023-06-11,251.0,195.42857142857142,False
2023-06-12,196.0,190.0,False
2023-06-13,162.0,193.71428571428572,False
2023-06-14,171.0,195.14285714285714,False
2023-06-15,166.0,190.85714285714286,False
2023-06-16,205.0,187.42857142857142,False
2023-06-17,215.0,187.85714285714286,False
2023-06-18,221.0,190.14285714285714,False
2023-06-19,172.0,190.0,False
2023-06-20,165.0,191.85714285714286,False
2023-06-21,187.0,193.57142857142858,False
2023-06-22,165.0,189.85714285714286,False
2023-06-23,218.0,190.14285714285714,False
2023-06-24,227.0,191.42857142857142,False
2023-06-25,195.0,188.57142857142858,False
2023-06-26,174.0,192.14285714285714,False
2023-06-27,174.0,187.85714285714286,False
2023-06-28,167.0,190.85714285714286,False
2023-06-29,190.0,193.85714285714286,False
2023-06-30,188.0,194.85714285714286,False
2023-07-01,248.0,192.0,False
2023-07-02,216.0,192.57142857142858,False
2023-07-03,181.0,190.42857142857142,False
2023-07-04,154.0,195.14285714285714,False
2023-07-05,171.0,192.71428571428572,False
2023-07-06,175.0,194.28571428571428,False
2023-07-07,221.0,193.14285714285714,False
2023-07-08,231.0,194.71428571428572,False
2023-07-09,227.0,194.71428571428572,False
2023-07-10,173.0,194.42857142857142,False
2023-07-11,165.0,193.0,False
2023-07-12,171.0,188.85714285714286,False
2023-07-13,173.0,188.14285714285714,False
2023-07-14,211.0,188.85714285714286,False
2023-07-15,202.0,187.42857142857142,False
2023-07-16,222.0,184.0,False
2023-07-17,178.0,180.42857142857142,False
2023-07-18,155.0,179.42857142857142,False
2023-07-19,147.0,181.28571428571428,False
2023-07-20,148.0,186.28571428571428,False
2023-07-21,204.0,186.85714285714286,False
2023-07-22,215.0,188.85714285714286,False
2023-07-23,257.0,192.28571428571428,False
2023-07-24,182.0,196.0,False
2023-07-25,169.0,197.28571428571428,False
2023-07-26,171.0,199.14285714285714,False
2023-07-27,174.0,192.71428571428572,False
2023-07-28,213.0,191.28571428571428,False
2023-07-29,228.0,191.71428571428572,False
2023-07-30,212.0,189.57142857142858,False
2023-07-31,172.0,188.42857142857142,False
2023-08-01,172.0,184.42857142857142,False
2023-08-02,156.0,181.57142857142858,False
2023-08-03,166.0,183.57142857142858,False
2023-08-04,185.0,183.0,False
2023-08-05,208.0,183.28571428571428,False
2023-08-06,226.0,184.71428571428572,False
2023-08-07,168.0,184.14285714285714,False
2023-08-08,174.0,190.85714285714286,False
2023-08-09,166.0,194.0,False
2023-08-10,162.0,192.14285714285714,False
2023-08-11,232.0,193.71428571428572,False
2023-08-12,230.0,191.85714285714286,False
2023-08-13,213.0,190.42857142857142,False
2023-08-14,179.0,188.28571428571428,False
2023-08-15,161.0,188.28571428571428,False
2023-08-16,156.0,184.0,False
2023-08-17,147.0,182.14285714285714,False
2023-08-18,232.0,177.0,False
2023-08-19,200.0,176.71428571428572,False
2023-08-20,200.0,176.0,False
2023-08-21,143.0,182.14285714285714,False
2023-08-22,159.0,175.14285714285714,False
2023-08-23,151.0,178.57142857142858,False
2023-08-24,190.0,180.14285714285714,False
2023-08-25,183.0,184.28571428571428,False
2023-08-26,224.0,181.71428571428572,False
2023-08-27,211.0,181.0,False
2023-08-28,172.0,176.71428571428572,False
2023-08-29,141.0,181.42857142857142,False
2023-08-30,146.0,183.28571428571428,False
2023-08-31,160.0,183.42857142857142,False
2023-09-01,216.0,182.14285714285714,False
2023-09-02,237.0,187.0,False
2023-09-03,212.0,196.42857142857142,False
2023-09-04,163.0,200.0,False
2023-09-05,175.0,197.14285714285714,False
2023-09-06,212.0,191.57142857142858,False
2023-09-07,185.0,193.57142857142858,False
2023-09-08,196.0,196.0,False
2023-09-09,198.0,192.14285714285714,False
2023-09-10,226.0,184.28571428571428,False
2023-09-11,180.0,183.71428571428572,False
2023-09-12,148.0,183.14285714285714,False
2023-09-13,157.0,185.71428571428572,False
2023-09-14,181.0,185.28571428571428,False
2023-09-15,192.0,186.71428571428572,False
2023-09-16,216.0,188.0,False
2023-09-17,223.0,190.14285714285714,False
2023-09-18,190.0,187.57142857142858,False
2023-09-19,157.0,183.85714285714286,False
2023-09-20,172.0,182.57142857142858,False
2023-09-21,163.0,181.0,False
2023-09-22,166.0,179.28571428571428,False
2023-09-23,207.0,181.85714285714286,False
2023-09-24,212.0,180.57142857142858,False
2023-09-25,178.0,180.14285714285714,False
2023-09-26,175.0,186.57142857142858,False
2023-09-27,163.0,184.57142857142858,False
2023-09-28,160.0,190.14285714285714,False
2023-09-29,211.0,192.0,False
2023-09-30,193.0,189.71428571428572,False
2023-10-01,251.0,188.85714285714286,False
2023-10-02,191.0,187.57142857142858,False
2023-10-03,159.0,191.0,False
2023-10-04,157.0,192.0,False
2023-10-05,151.0,188.85714285714286,False
2023-10-06,235.0,190.14285714285714,False
2023-10-07,200.0,192.42857142857142,False
2023-10-08,229.0,200.28571428571428,False
2023-10-09,200.0,209.28571428571428,False
2023-10-10,175.0,197.42857142857142,False
2023-10-11,212.0,197.28571428571428,False
2023-10-12,214.0,195.85714285714286,False
2023-10-13,152.0,188.85714285714286,False
2023-10-14,199.0,187.71428571428572,False
2023-10-15,219.0,178.57142857142858,False
2023-10-16,151.0,171.71428571428572,False
2023-10-17,167.0,176.57142857142858,False
2023-10-18,148.0,177.85714285714286,False
2023-10-19,166.0,176.28571428571428,False
2023-10-20,186.0,178.85714285714286,False
2023-10-21,208.0,177.71428571428572,False
2023-10-22,208.0,178.28571428571428,False
2023-10-23,169.0,180.0,False
2023-10-24,159.0,181.71428571428572,False
2023-10-25,152.0,180.0,False
2023-10-26,178.0,177.28571428571428,False
2023-10-27,198.0,177.14285714285714,False
2023-10-28,196.0,176.28571428571428,False
2023-10-29,189.0,182.28571428571428,False
2023-10-30,168.0,178.0,False
2023-10-31,153.0,176.0,False
2023-11-01,194.0,176.0,False
2023-11-02,148.0,180.57142857142858,False
2023-11-03,184.0,183.85714285714286,False
2023-11-04,196.0,185.0,False
2023-11-05,221.0,183.28571428571428,False
2023-11-06,191.0,184.85714285714286,False
2023-11-07,161.0,188.42857142857142,False
2023-11-08,182.0,196.71428571428572,False
2023-11-09,159.0,199.85714285714286,False
2023-11-10,209.0,199.42857142857142,False
2023-11-11,254.0,204.0,False
2023-11-12,243.0,199.71428571428572,False
2023-11-13,188.0,199.0,False
2023-11-14,193.0,194.85714285714286,False
2023-11-15,152.0,188.57142857142858,False
2023-11-16,154.0,185.57142857142858,False
2023-11-17,180.0,185.71428571428572,False
2023-11-18,210.0,182.57142857142858,False
2023-11-19,222.0,184.14285714285714,False
2023-11-20,189.0,185.71428571428572,False
2023-11-21,171.0,187.71428571428572,False
2023-11-22,163.0,187.14285714285714,False
2023-11-23,165.0,183.85714285714286,False
2023-11-24,194.0,179.71428571428572,False
2023-11-25,206.0,181.0,False
2023-11-26,199.0,179.57142857142858,False
2023-11-27,160.0,180.42857142857142,False
2023-11-28,180.0,184.0,False
2023-11-29,153.0,187.28571428571428,False
2023-11-30,171.0,187.42857142857142,False
2023-12-01,219.0,195.85714285714286,False
2023-12-02,229.0,196.85714285714286,False
2023-12-03,200.0,201.42857142857142,False
2023-12-04,219.0,209.14285714285714,False
2023-12-05,187.0,210.28571428571428,False
2023-12-06,185.0,209.42857142857142,False
2023-12-07,225.0,216.57142857142858,False
2023-12-08,227.0,215.28571428571428,False
2023-12-09,223.0,213.85714285714286,False
2023-12-10,250.0,210.85714285714286,False
2023-12-11,210.0,207.28571428571428,False
2023-12-12,177.0,213.85714285714286,False
2023-12-13,164.0,222.0,False
2023-12-14,200.0,219.71428571428572,False
2023-12-15,273.0,220.42857142857142,False
2023-12-16,280.0,222.42857142857142,False
2023-12-17,234.0,231.85714285714286,False
2023-12-18,215.0,236.42857142857142,False
2023-12-19,191.0,237.0,False
2023-12-20,230.0,240.28571428571428,False
2023-12-21,232.0,234.71428571428572,False
2023-12-22,277.0,230.71428571428572,False
2023-12-23,303.0,230.14285714285714,False
2023-12-24,195.0,219.42857142857142,False
2023-12-25,187.0,213.42857142857142,False
2023-12-26,187.0,200.85714285714286,False
2023-12-27,155.0,187.42857142857142,False
2023-12-28,190.0,181.28571428571428,False
2023-12-29,189.0,188.71428571428572,False
2023-12-30,209.0,196.28571428571428,False
2023-12-31,152.0,201.14285714285714,False
2024-01-01,239.0,195.71428571428572,False
2024-01-02,240.0,191.71428571428572,False
2024-01-03,189.0,190.57142857142858,False
2024-01-04,152.0,196.71428571428572,False
2024-01-05,161.0,188.57142857142858,False
2024-01-06,201.0,175.28571428571428,False
2024-01-07,195.0,172.57142857142858,False
2024-01-08,182.0,177.71428571428572,False
2024-01-09,147.0,183.28571428571428,False
2024-01-10,170.0,183.42857142857142,False
2024-01-11,188.0,189.14285714285714,False
2024-01-12,200.0,187.0,False
2024-01-13,202.0,191.14285714285714,False
2024-01-14,235.0,190.14285714285714,False
2024-01-15,167.0,189.14285714285714,False
2024-01-16,176.0,189.14285714285714,False
2024-01-17,163.0,193.28571428571428,False
2024-01-18,181.0,190.42857142857142,False
2024-01-19,200.0,193.0,False
2024-01-20,231.0,192.57142857142858,False
2024-01-21,215.0,191.14285714285714,False
2024-01-22,185.0,188.0,False
2024-01-23,173.0,185.28571428571428,False
2024-01-24,153.0,178.57142857142858,False
2024-01-25,159.0,178.57142857142858,False
2024-01-26,181.0,174.14285714285714,False
2024-01-27,184.0,174.28571428571428,False
2024-01-28,215.0,172.85714285714286,False
2024-01-29,154.0,173.57142857142858,False
2024-01-30,174.0,173.85714285714286,False
2024-01-31,143.0,172.85714285714286,False
2024-02-01,164.0,172.71428571428572,False
2024-02-02,183.0,177.85714285714286,False
2024-02-03,177.0,177.28571428571428,False
2024-02-04,214.0,183.71428571428572,False
2024-02-05,190.0,184.85714285714286,False
2024-02-06,170.0,191.57142857142858,False
2024-02-07,188.0,202.28571428571428,False
2024-02-08,172.0,204.57142857142858,False
2024-02-09,230.0,203.0,False
2024-02-10,252.0,202.14285714285714,False
2024-02-11,230.0,202.14285714285714,False
2024-02-12,179.0,200.71428571428572,False
2024-02-13,164.0,191.0,False
2024-02-14,188.0,180.71428571428572,False
2024-02-15,162.0,171.0,False
2024-02-16,162.0,167.28571428571428,False
2024-02-17,180.0,164.85714285714286,False
2024-02-18,162.0,162.0,False
2024-02-19,153.0,161.0,False
2024-02-20,147.0,166.14285714285714,False
2024-02-21,168.0,170.0,False
2024-02-22,155.0,175.0,False
2024-02-23,198.0,182.57142857142858,False
2024-02-24,207.0,185.57142857142858,False
2024-02-25,197.0,183.57142857142858,False
2024-02-26,206.0,184.28571428571428,False
2024-02-27,168.0,185.57142857142858,False
2024-02-28,154.0,186.85714285714286,False
2024-02-29,160.0,187.0,False
2024-03-01,207.0,184.85714285714286,False
2024-03-02,216.0,184.71428571428572,False
2024-03-03,198.0,187.71428571428572,False
2024-03-04,191.0,188.71428571428572,False
2024-03-05,167.0,190.85714285714286,False
2024-03-06,175.0,189.0,False
2024-03-07,167.0,188.71428571428572,False
2024-03-08,222.0,187.57142857142858,False
2024-03-09,203.0,188.14285714285714,False
2024-03-10,196.0,188.42857142857142,False
2024-03-11,183.0,190.0,False
2024-03-12,171.0,188.0,False
2024-03-13,177.0,186.42857142857142,False
2024-03-14,178.0,190.42857142857142,False
2024-03-15,208.0,191.42857142857142,False
2024-03-16,192.0,190.0,False
2024-03-17,224.0,191.57142857142858,False
2024-03-18,190.0,191.42857142857142,False
2024-03-19,161.0,189.57142857142858,False
2024-03-20,188.0,191.57142857142858,False
2024-03-21,177.0,188.14285714285714,False
2024-03-22,195.0,184.42857142857142,False
2024-03-23,206.0,185.0,False
2024-03-24,200.0,189.0,False
2024-03-25,164.0,195.57142857142858,False
2024-03-26,165.0,193.85714285714286,False
2024-03-27,216.0,191.57142857142858,False
2024-03-28,223.0,195.0,False
2024-03-29,183.0,197.57142857142858,False
2024-03-30,190.0,199.14285714285714,False
2024-03-31,224.0,191.71428571428572,False
2024-04-01,182.0,181.14285714285714,False
2024-04-02,176.0,181.57142857142858,False
2024-04-03,164.0,190.42857142857142,False
2024-04-04,149.0,188.85714285714286,False
2024-04-05,186.0,194.57142857142858,False
2024-04-06,252.0,194.14285714285714,False
2024-04-07,213.0,197.0,False
2024-04-08,222.0,198.0,False
2024-04-09,173.0,205.14285714285714,False
2024-04-10,184.0,195.42857142857142,False
2024-04-11,156.0,195.14285714285714,False
2024-04-12,236.0,191.14285714285714,False
2024-04-13,184.0,189.28571428571428,False
2024-04-14,211.0,187.57142857142858,False
2024-04-15,194.0,193.0,False
2024-04-16,160.0,193.28571428571428,False
2024-04-17,172.0,199.42857142857142,False
2024-04-18,194.0,200.42857142857142,False
2024-04-19,238.0,199.28571428571428,False
2024-04-20,227.0,197.71428571428572,False
2024-04-21,218.0,197.85714285714286,False
2024-04-22,186.0,195.28571428571428,False
2024-04-23,149.0,193.85714285714286,False
2024-04-24,173.0,190.14285714285714,False
2024-04-25,176.0,194.57142857142858,False
2024-04-26,228.0,196.0,False
2024-04-27,201.0,201.28571428571428,False
2024-04-28,249.0,200.57142857142858,False
2024-04-29,196.0,199.71428571428572,False
2024-04-30,186.0,195.71428571428572,False
2024-05-01,168.0,197.71428571428572,False
2024-05-02,170.0,191.28571428571428,False
2024-05-03,200.0,185.85714285714286,False
2024-05-04,215.0,184.85714285714286,False
2024-05-05,204.0,190.57142857142858,False
2024-05-06,158.0,194.0,False
2024-05-07,179.0,197.57142857142858,False
2024-05-08,208.0,201.28571428571428,False
2024-05-09,194.0,205.14285714285714,False
2024-05-10,225.0,211.57142857142858,False
2024-05-11,241.0,211.14285714285714,False
2024-05-12,231.0,207.0,False
2024-05-13,203.0,202.57142857142858,False
2024-05-14,176.0,202.42857142857142,False
2024-05-15,179.0,202.85714285714286,False
2024-05-16,163.0,202.85714285714286,False
2024-05-17,224.0,199.71428571428572,False
2024-05-18,244.0,198.71428571428572,False
2024-05-19,231.0,197.57142857142858,False
2024-05-20,181.0,201.14285714285714,False
2024-05-21,169.0,201.57142857142858,False
2024-05-22,171.0,194.42857142857142,False
2024-05-23,188.0,196.57142857142858,False
2024-05-24,227.0,199.28571428571428,False
2024-05-25,194.0,199.14285714285714,False
2024-05-26,246.0,206.71428571428572,False
2024-05-27,200.0,209.14285714285714,False
2024-05-28,168.0,205.28571428571428,False
2024-05-29,224.0,205.71428571428572,False
2024-05-30,205.0,208.57142857142858,False
2024-05-31,200.0,208.42857142857142,False
2024-06-01,197.0,207.85714285714286,False
2024-06-02,266.0,199.14285714285714,False
2024-06-03,199.0,196.0,False
2024-06-04,164.0,199.85714285714286,False
2024-06-05,163.0,209.14285714285714,False
2024-06-06,183.0,206.14285714285714,False
2024-06-07,227.0,208.85714285714286,False
2024-06-08,262.0,211.57142857142858,False
2024-06-09,245.0,214.57142857142858,False
2024-06-10,218.0,216.85714285714286,False
2024-06-11,183.0,215.14285714285714,False
2024-06-12,184.0,207.42857142857142,False
2024-06-13,199.0,207.42857142857142,False
2024-06-14,215.0,205.85714285714286,False
2024-06-15,208.0,206.0,False
2024-06-16,245.0,206.57142857142858,False
2024-06-17,207.0,203.42857142857142,False
2024-06-18,184.0,205.28571428571428,False
2024-06-19,188.0,209.71428571428572,False
2024-06-20,177.0,207.0,False
2024-06-21,228.0,207.42857142857142,False
2024-06-22,239.0,208.85714285714286,False
2024-06-23,226.0,207.42857142857142,False
2024-06-24,210.0,209.14285714285714,False
2024-06-25,194.0,206.42857142857142,False
2024-06-26,178.0,203.71428571428572,False
2024-06-27,189.0,202.57142857142858,False
2024-06-28,209.0,200.0,False
2024-06-29,220.0,202.0,False
2024-06-30,218.0,203.0,False
2024-07-01,192.0,202.28571428571428,False
2024-07-02,208.0,210.0,False
2024-07-03,185.0,218.14285714285714,False
2024-07-04,184.0,224.71428571428572,False
2024-07-05,263.0,228.28571428571428,False
2024-07-06,277.0,227.42857142857142,False
2024-07-07,264.0,227.71428571428572,False
2024-07-08,217.0,231.28571428571428,False
2024-07-09,202.0,223.85714285714286,False
2024-07-10,187.0,216.42857142857142,False
2024-07-11,209.0,210.85714285714286,False
2024-07-12,211.0,208.0,False
2024-07-13,225.0,203.57142857142858,False
2024-07-14,225.0,202.42857142857142,False
2024-07-15,197.0,200.14285714285714,False
2024-07-16,171.0,203.0,False
2024-07-17,179.0,200.14285714285714,False
2024-07-18,193.0,202.57142857142858,False
2024-07-19,231.0,202.85714285714286,False
2024-07-20,205.0,202.28571428571428,False
2024-07-21,242.0,204.0,False
2024-07-22,199.0,204.28571428571428,False
2024-07-23,167.0,201.71428571428572,False
2024-07-24,191.0,202.42857142857142,False
2024-07-25,195.0,199.14285714285714,False
2024-07-26,213.0,199.71428571428572,False
2024-07-27,210.0,198.57142857142858,False
2024-07-28,219.0,196.71428571428572,False
2024-07-29,203.0,195.57142857142858,False
2024-07-30,159.0,198.71428571428572,False
2024-07-31,178.0,204.42857142857142,False
2024-08-01,187.0,205.0,False
2024-08-02,235.0,205.14285714285714,False
2024-08-03,250.0,207.0,False
2024-08-04,223.0,207.57142857142858,False
2024-08-05,204.0,206.85714285714286,False
2024-08-06,172.0,205.42857142857142,False
2024-08-07,182.0,202.42857142857142,False
2024-08-08,182.0,201.71428571428572,False
2024-08-09,225.0,199.42857142857142,False
2024-08-10,229.0,199.0,False
2024-08-11,218.0,197.0,False
2024-08-12,188.0,195.71428571428572,False
2024-08-13,169.0,192.42857142857142,False
2024-08-14,168.0,193.14285714285714,False
2024-08-15,173.0,196.28571428571428,False
2024-08-16,202.0,196.85714285714286,False
2024-08-17,234.0,196.0,False
2024-08-18,240.0,195.42857142857142,False
2024-08-19,192.0,194.42857142857142,False
2024-08-20,163.0,196.42857142857142,False
2024-08-21,164.0,195.57142857142858,False
2024-08-22,166.0,187.85714285714286,False
2024-08-23,216.0,189.57142857142858,False
2024-08-24,228.0,190.42857142857142,False
2024-08-25,186.0,189.14285714285714,False
2024-08-26,204.0,191.0,False
2024-08-27,169.0,192.71428571428572,False
2024-08-28,155.0,193.85714285714286,False
2024-08-29,179.0,199.42857142857142,False
2024-08-30,228.0,196.71428571428572,False
2024-08-31,236.0,196.0,False
2024-09-01,225.0,200.28571428571428,False
2024-09-02,185.0,202.14285714285714,False
2024-09-03,164.0,203.14285714285714,False
2024-09-04,185.0,203.0,False
2024-09-05,192.0,206.85714285714286,False
2024-09-06,235.0,208.85714285714286,False
2024-09-07,235.0,207.71428571428572,False
2024-09-08,252.0,207.71428571428572,False
2024-09-09,199.0,208.14285714285714,False
2024-09-10,156.0,204.28571428571428,False
2024-09-11,185.0,206.0,False
2024-09-12,195.0,206.71428571428572,False
2024-09-13,208.0,206.14285714285714,False
2024-09-14,247.0,209.42857142857142,False
2024-09-15,257.0,209.14285714285714,False
2024-09-16,195.0,209.14285714285714,False
2024-09-17,179.0,213.0,False
2024-09-18,183.0,209.85714285714286,False
2024-09-19,195.0,209.14285714285714,False
2024-09-20,235.0,208.14285714285714,False
2024-09-21,225.0,208.0,False
2024-09-22,252.0,210.42857142857142,False
2024-09-23,188.0,207.85714285714286,False
2024-09-24,178.0,207.85714285714286,False
2024-09-25,200.0,208.85714285714286,False
2024-09-26,177.0,202.85714285714286,False
2024-09-27,235.0,207.14285714285714,False
2024-09-28,232.0,207.42857142857142,False
2024-09-29,210.0,208.57142857142858,False
2024-09-30,218.0,209.42857142857142,False
2024-10-01,180.0,208.28571428571428,False
2024-10-02,208.0,209.71428571428572,False
2024-10-03,183.0,216.0,False
2024-10-04,227.0,211.71428571428572,False
2024-10-05,242.0,213.71428571428572,False
2024-10-06,254.0,209.57142857142858,False
2024-10-07,188.0,215.85714285714286,False
2024-10-08,194.0,220.71428571428572,False
2024-10-09,179.0,218.85714285714286,False
2024-10-10,227.0,216.57142857142858,False
2024-10-11,261.0,216.71428571428572,False
2024-10-12,229.0,216.0,False
2024-10-13,238.0,215.28571428571428,False
2024-10-14,189.0,212.14285714285714,False
2024-10-15,189.0,204.0,False
2024-10-16,174.0,204.28571428571428,False
2024-10-17,205.0,210.57142857142858,False
2024-10-18,204.0,208.28571428571428,False
2024-10-19,231.0,207.57142857142858,False
2024-10-20,282.0,208.85714285714286,False
2024-10-21,173.0,207.42857142857142,False
2024-10-22,184.0,210.14285714285714,False
2024-10-23,183.0,208.57142857142858,False
2024-10-24,195.0,197.0,False
2024-10-25,223.0,201.0,False
2024-10-26,220.0,200.28571428571428,False
2024-10-27,201.0,198.71428571428572,False
2024-10-28,201.0,198.14285714285714,False
2024-10-29,179.0,193.85714285714286,False
2024-10-30,172.0,196.71428571428572,False
2024-10-31,191.0,201.14285714285714,False
2024-11-01,193.0,202.14285714285714,False
2024-11-02,240.0,200.14285714285714,False
2024-11-03,232.0,201.14285714285714,False
2024-11-04,208.0,200.71428571428572,False
2024-11-05,165.0,209.57142857142858,False
2024-11-06,179.0,205.14285714285714,False
2024-11-07,188.0,207.57142857142858,False
2024-11-08,255.0,204.0,False
2024-11-09,209.0,208.42857142857142,False
2024-11-10,249.0,210.57142857142858,False
2024-11-11,183.0,216.57142857142858,False
2024-11-12,196.0,215.71428571428572,False
2024-11-13,194.0,217.57142857142858,False
2024-11-14,230.0,212.85714285714286,False
2024-11-15,249.0,213.28571428571428,False
2024-11-16,222.0,213.85714285714286,False
2024-11-17,216.0,208.28571428571428,False
2024-11-18,186.0,199.85714285714286,False
2024-11-19,200.0,196.14285714285714,False
2024-11-20,155.0,196.85714285714286,False
2024-11-21,171.0,196.57142857142858,False
2024-11-22,223.0,196.85714285714286,False
2024-11-23,227.0,194.42857142857142,False
2024-11-24,214.0,199.0,False
2024-11-25,188.0,201.28571428571428,False
2024-11-26,183.0,197.42857142857142,False
2024-11-27,187.0,195.0,False
2024-11-28,187.0,199.85714285714286,False
2024-11-29,196.0,201.14285714285714,False
2024-11-30,210.0,200.71428571428572,False
2024-12-01,248.0,199.14285714285714,False
2024-12-02,197.0,197.85714285714286,False
2024-12-03,180.0,204.85714285714286,False
2024-12-04,176.0,213.28571428571428,False
2024-12-05,178.0,208.57142857142858,False
2024-12-06,245.0,210.28571428571428,False
2024-12-07,269.0,211.85714285714286,False
2024-12-08,215.0,214.85714285714286,False
2024-12-09,209.0,217.42857142857142,False
2024-12-10,191.0,214.28571428571428,False
2024-12-11,197.0,213.71428571428572,False
2024-12-12,196.0,218.0,False
2024-12-13,223.0,214.85714285714286,False
2024-12-14,265.0,215.57142857142858,False
2024-12-15,245.0,214.85714285714286,False
2024-12-16,187.0,218.14285714285714,False
2024-12-17,196.0,226.28571428571428,False
2024-12-18,192.0,234.0,False
2024-12-19,219.0,239.14285714285714,False
2024-12-20,280.0,244.14285714285714,False
2024-12-21,319.0,241.57142857142858,False
2024-12-22,281.0,245.28571428571428,False
2024-12-23,222.0,241.42857142857142,False
2024-12-24,178.0,231.57142857142858,False
2024-12-25,218.0,214.57142857142858,False
2024-12-26,192.0,195.14285714285714,False
2024-12-27,211.0,185.85714285714286,False
2024-12-28,200.0,182.71428571428572,False
2024-12-29,145.0,179.14285714285714,False
2024-12-30,157.0,174.71428571428572,False
2024-12-31,156.0,170.14285714285714,False
2025-01-01,193.0,167.14285714285714,False
2025-01-02,161.0,169.85714285714286,False
2025-01-03,179.0,172.14285714285714,False
2025-01-04,179.0,170.71428571428572,False
2025-01-05,164.0,165.71428571428572,False
2025-01-06,173.0,166.28571428571428,False
2025-01-07,146.0,166.85714285714286,False
2025-01-08,158.0,168.71428571428572,False
2025-01-09,165.0,173.85714285714286,False
2025-01-10,183.0,175.14285714285714,False
2025-01-11,192.0,179.28571428571428,False
2025-01-12,200.0,183.42857142857142,False
2025-01-13,182.0,182.0,False
2025-01-14,175.0,183.28571428571428,False
2025-01-15,187.0,182.0,False
2025-01-16,155.0,182.42857142857142,False
2025-01-17,192.0,185.85714285714286,False
2025-01-18,183.0,184.85714285714286,False
2025-01-19,203.0,182.85714285714286,False
2025-01-20,206.0,184.28571428571428,False
2025-01-21,168.0,181.71428571428572,False
2025-01-22,173.0,185.28571428571428,False
2025-01-23,165.0,188.85714285714286,False
2025-01-24,174.0,185.85714285714286,False
2025-01-25,208.0,183.28571428571428,False
2025-01-26,228.0,179.42857142857142,False
2025-01-27,185.0,179.57142857142858,False
2025-01-28,150.0,181.71428571428572,False
2025-01-29,146.0,178.71428571428572,False
2025-01-30,166.0,177.57142857142858,False
2025-01-31,189.0,176.28571428571428,False
2025-02-01,187.0,177.14285714285714,False
2025-02-02,220.0,179.85714285714286,False
2025-02-03,176.0,181.28571428571428,False
2025-02-04,156.0,182.71428571428572,False
2025-02-05,165.0,188.57142857142858,False
2025-02-06,176.0,191.14285714285714,False
2025-02-07,199.0,192.71428571428572,False
2025-02-08,228.0,194.85714285714286,False
2025-02-09,238.0,195.71428571428572,False
2025-02-10,187.0,192.42857142857142,False
2025-02-11,171.0,192.14285714285714,False
2025-02-12,171.0,188.42857142857142,False
2025-02-13,153.0,185.85714285714286,False
2025-02-14,197.0,186.71428571428572,False
2025-02-15,202.0,186.14285714285714,False
2025-02-16,220.0,184.71428571428572,False
2025-02-17,193.0,183.85714285714286,False
2025-02-18,167.0,179.85714285714286,False
2025-02-19,161.0,182.28571428571428,False
2025-02-20,147.0,180.85714285714286,False
2025-02-21,169.0,186.42857142857142,False
2025-02-22,219.0,185.57142857142858,False
2025-02-23,210.0,189.57142857142858,False
2025-02-24,232.0,193.42857142857142,False
2025-02-25,161.0,200.57142857142858,False
2025-02-26,189.0,204.42857142857142,False
2025-02-27,174.0,206.85714285714286,False
2025-02-28,219.0,196.42857142857142,False
2025-03-01,246.0,197.28571428571428,False
2025-03-02,227.0,194.85714285714286,False
2025-03-03,159.0,196.28571428571428,False
2025-03-04,167.0,194.57142857142858,False
2025-03-05,172.0,188.28571428571428,False
2025-03-06,184.0,185.28571428571428,False
2025-03-07,207.0,188.14285714285714,False
2025-03-08,202.0,187.57142857142858,False
2025-03-09,206.0,188.0,False
2025-03-10,179.0,189.85714285714286,False
2025-03-11,163.0,190.0,False
2025-03-12,175.0,190.0,False
2025-03-13,197.0,190.42857142857142,False
2025-03-14,208.0,191.85714285714286,False
2025-03-15,202.0,193.28571428571428,False
2025-03-16,209.0,193.42857142857142,False
2025-03-17,189.0,191.42857142857142,False
2025-03-18,173.0,188.57142857142858,False
2025-03-19,176.0,187.57142857142858,False
2025-03-20,183.0,188.0,False
2025-03-21,188.0,189.42857142857142,False
2025-03-22,195.0,191.0,False
2025-03-23,212.0,189.85714285714286,False
2025-03-24,199.0,190.14285714285714,False
2025-03-25,184.0,195.42857142857142,False
2025-03-26,168.0,197.28571428571428,False
2025-03-27,185.0,195.42857142857142,False
2025-03-28,225.0,191.71428571428572,False
2025-03-29,208.0,185.14285714285714,False
2025-03-30,199.0,188.71428571428572,False
2025-03-31,173.0,185.28571428571428,False
2025-04-01,138.0,187.0,False
2025-04-02,193.0,188.28571428571428,False
2025-04-03,161.0,187.71428571428572,False
2025-04-04,237.0,189.71428571428572,False
2025-04-05,217.0,192.42857142857142,False
2025-04-06,195.0,190.14285714285714,False
2025-04-07,187.0,189.71428571428572,False
2025-04-08,157.0,187.42857142857142,False
2025-04-09,177.0,188.85714285714286,False
2025-04-10,158.0,193.42857142857142,False
2025-04-11,221.0,192.85714285714286,False
2025-04-12,227.0,195.0,False
2025-04-13,227.0,200.28571428571428,False
2025-04-14,183.0,212.85714285714286,False
2025-04-15,172.0,212.0,False
2025-04-16,214.0,206.71428571428572,False
2025-04-17,246.0,202.85714285714286,False
2025-04-18,215.0,212.0,False
2025-04-19,190.0,212.85714285714286,False
2025-04-20,200.0,204.0,False
2025-04-21,247.0,193.28571428571428,False
2025-04-22,178.0,189.28571428571428,False
2025-04-23,152.0,189.0,False
2025-04-24,171.0,188.71428571428572,False
2025-04-25,187.0,177.71428571428572,False
2025-04-26,188.0,176.28571428571428,False
2025-04-27,198.0,184.85714285714286,False
2025-04-28,170.0,185.42857142857142,False
2025-04-29,168.0,186.71428571428572,False
2025-04-30,212.0,184.85714285714286,False
2025-05-01,175.0,182.71428571428572,False
2025-05-02,196.0,186.28571428571428,False
2025-05-03,175.0,184.28571428571428,False
2025-05-04,183.0,178.0,False
2025-05-05,195.0,175.85714285714286,False
2025-05-06,154.0,181.42857142857142,False
2025-05-07,168.0,194.14285714285714,False
2025-05-08,160.0,201.85714285714286,False
2025-05-09,235.0,205.0,False
2025-05-10,264.0,207.42857142857142,False
2025-05-11,237.0,208.28571428571428,False
2025-05-12,217.0,210.85714285714286,False
2025-05-13,171.0,206.14285714285714,False
2025-05-14,174.0,202.85714285714286,False
2025-05-15,178.0,201.42857142857142,False
2025-05-16,202.0,200.28571428571428,False
2025-05-17,241.0,201.28571428571428,False
2025-05-18,227.0,202.57142857142858,False
2025-05-19,209.0,202.42857142857142,False
2025-05-20,178.0,203.85714285714286,False
2025-05-21,183.0,200.57142857142858,False
2025-05-22,177.0,196.14285714285714,False
2025-05-23,212.0,196.57142857142858,False
2025-05-24,218.0,194.57142857142858,False
2025-05-25,196.0,195.28571428571428,False
2025-05-26,212.0,192.28571428571428,False
2025-05-27,164.0,192.57142857142858,False
2025-05-28,188.0,195.28571428571428,False
2025-05-29,156.0,199.42857142857142,False
2025-05-30,214.0,195.28571428571428,False
2025-05-31,237.0,197.57142857142858,False
2025-06-01,225.0,201.0,False
2025-06-02,183.0,205.28571428571428,False
2025-06-03,180.0,208.85714285714286,False
2025-06-04,212.0,210.0,False
2025-06-05,186.0,213.0,False
2025-06-06,239.0,218.0,False
2025-06-07,245.0,215.42857142857142,False
2025-06-08,246.0,213.57142857142858,False
2025-06-09,218.0,216.71428571428572,False
2025-06-10,162.0,214.85714285714286,False
2025-06-11,199.0,206.85714285714286,False
2025-06-12,208.0,197.71428571428572,False
2025-06-13,226.0,193.14285714285714,False
2025-06-14,189.0,197.57142857142858,False
2025-06-15,182.0,198.57142857142858,False
2025-06-16,186.0,197.85714285714286,False
2025-06-17,193.0,192.42857142857142,False
2025-06-18,206.0,190.85714285714286,False
2025-06-19,203.0,196.57142857142858,False
2025-06-20,188.0,200.14285714285714,False
2025-06-21,178.0,200.42857142857142,False
2025-06-22,222.0,194.57142857142858,False
2025-06-23,211.0,195.14285714285714,False
2025-06-24,195.0,199.85714285714286,False
2025-06-25,165.0,204.14285714285714,False
2025-06-26,207.0,202.71428571428572,False
2025-06-27,221.0,205.0,False
2025-06-28,208.0,203.0,False
2025-06-29,212.0,204.14285714285714,False
2025-06-30,227.0,200.0,False
2025-07-01,181.0,203.0,False
2025-07-02,173.0,209.28571428571428,False
2025-07-03,178.0,210.14285714285714,False
2025-07-04,242.0,206.71428571428572,False
2025-07-05,252.0,209.28571428571428,False
2025-07-06,218.0,212.14285714285714,False
2025-07-07,203.0,214.57142857142858,False
2025-07-08,199.0,208.57142857142858,False
2025-07-09,193.0,203.42857142857142,False
2025-07-10,195.0,202.71428571428572,False
2025-07-11,200.0,202.14285714285714,False
2025-07-12,216.0,201.71428571428572,False
2025-07-13,213.0,198.85714285714286,False
2025-07-14,199.0,193.85714285714286,False
2025-07-15,196.0,196.14285714285714,False
2025-07-16,173.0,201.42857142857142,False
2025-07-17,160.0,201.57142857142858,False
2025-07-18,216.0,200.42857142857142,False
2025-07-19,253.0,202.0,False
2025-07-20,214.0,201.85714285714286,False
2025-07-21,191.0,205.28571428571428,False
2025-07-22,207.0,209.14285714285714,False
2025-07-23,172.0,203.0,False
2025-07-24,184.0,207.42857142857142,False
2025-07-25,243.0,209.42857142857142,False
2025-07-26,210.0,202.0,False
2025-07-27,245.0,201.85714285714286,False
2025-07-28,205.0,201.42857142857142,False
2025-07-29,155.0,199.85714285714286,False
2025-07-30,171.0,202.14285714285714,False
2025-07-31,181.0,198.71428571428572,False
2025-08-01,232.0,197.42857142857142,False
2025-08-02,226.0,200.42857142857142,False
2025-08-03,221.0,202.14285714285714,False
2025-08-04,196.0,206.0,False
2025-08-05,176.0,205.85714285714286,False
2025-08-06,183.0,210.85714285714286,False
2025-08-07,208.0,214.0,False
2025-08-08,231.0,216.28571428571428,False
2025-08-09,261.0,214.0,False
2025-08-10,243.0,213.71428571428572,False
2025-08-11,212.0,210.0,False
2025-08-12,160.0,204.14285714285714,False
2025-08-13,181.0,197.71428571428572,False
2025-08-14,182.0,194.14285714285714,False
2025-08-15,190.0,188.85714285714286,False
2025-08-16,216.0,189.57142857142858,False
2025-08-17,218.0,188.28571428571428,False
2025-08-18,175.0,186.85714285714286,False
2025-08-19,165.0,189.71428571428572,False
2025-08-20,172.0,191.28571428571428,False
2025-08-21,172.0,193.57142857142858,False
2025-08-22,210.0,191.57142857142858,False
2025-08-23,227.0,196.28571428571428,False
2025-08-24,234.0,194.0,False
2025-08-25,161.0,195.57142857142858,False
2025-08-26,198.0,199.71428571428572,False
2025-08-27,156.0,200.14285714285714,False
2025-08-28,183.0,193.57142857142858,False
2025-08-29,239.0,195.85714285714286,False
2025-08-30,230.0,191.28571428571428,False
2025-08-31,188.0,196.0,False
2025-09-01,177.0,196.57142857142858,False
2025-09-02,166.0,195.71428571428572,False
2025-09-03,189.0,196.57142857142858,False
2025-09-04,187.0,200.14285714285714,False
2025-09-05,233.0,201.57142857142858,False
2025-09-06,236.0,202.0,False
2025-09-07,213.0,201.28571428571428,False
2025-09-08,187.0,200.42857142857142,False
2025-09-09,169.0,200.28571428571428,False
2025-09-10,184.0,201.28571428571428,False
2025-09-11,181.0,205.57142857142858,False
2025-09-12,232.0,207.28571428571428,False
2025-09-13,243.0,207.14285714285714,False
2025-09-14,243.0,204.14285714285714,False
2025-09-15,199.0,204.0,False
2025-09-16,168.0,204.14285714285714,False
2025-09-17,163.0,205.0,False
2025-09-18,180.0,209.57142857142858,False
2025-09-19,233.0,215.42857142857142,False
2025-09-20,249.0,214.28571428571428,False
2025-09-21,275.0,214.57142857142858,False
2025-09-22,240.0,214.42857142857142,False
2025-09-23,160.0,208.0,False
2025-09-24,165.0,205.0,False
2025-09-25,179.0,194.57142857142858,False
2025-09-26,188.0,186.57142857142858,False
2025-09-27,228.0,187.14285714285714,False
2025-09-28,202.0,186.85714285714286,False
2025-09-29,184.0,186.71428571428572,False
2025-09-30,164.0,189.42857142857142,False
2025-10-01,163.0,191.42857142857142,False
2025-10-02,178.0,193.42857142857142,False
2025-10-03,207.0,196.0,False
2025-10-04,242.0,198.85714285714286,False
2025-10-05,216.0,204.0,False
2025-10-06,202.0,204.71428571428572,False
2025-10-07,184.0,208.14285714285714,False
2025-10-08,199.0,207.71428571428572,False
2025-10-09,183.0,213.14285714285714,False
2025-10-10,231.0,210.42857142857142,False
2025-10-11,239.0,209.71428571428572,False
2025-10-12,254.0,204.85714285714286,False
2025-10-13,183.0,205.0,False
2025-10-14,179.0,206.0,False
2025-10-15,165.0,202.42857142857142,False
2025-10-16,184.0,198.57142857142858,False
2025-10-17,238.0,202.85714285714286,False
2025-10-18,214.0,202.28571428571428,False
2025-10-19,227.0,201.85714285714286,False
2025-10-20,213.0,202.14285714285714,False
2025-10-21,175.0,200.0,False
2025-10-22,162.0,204.0,False
2025-10-23,186.0,203.57142857142858,False
2025-10-24,223.0,201.85714285714286,False
2025-10-25,242.0,201.42857142857142,False
2025-10-26,224.0,203.14285714285714,False
2025-10-27,201.0,203.14285714285714,False
2025-10-28,172.0,200.71428571428572,False
2025-10-29,174.0,194.42857142857142,False
2025-10-30,186.0,192.14285714285714,False
2025-10-31,206.0,190.14285714285714,False
2025-11-01,198.0,188.0,False
2025-11-02,208.0,187.85714285714286,False
2025-11-03,187.0,183.57142857142858,False
2025-11-04,157.0,188.42857142857142,False
2025-11-05,173.0,196.57142857142858,False
2025-11-06,156.0,202.14285714285714,False
2025-11-07,240.0,204.71428571428572,False
2025-11-08,255.0,206.57142857142858,False
2025-11-09,247.0,209.28571428571428,False
2025-11-10,205.0,213.42857142857142,False
2025-11-11,170.0,211.14285714285714,False
2025-11-12,192.0,207.85714285714286,False
2025-11-13,185.0,205.14285714285714,False
2025-11-14,224.0,206.14285714285714,False
2025-11-15,232.0,210.0,False
2025-11-16,228.0,212.57142857142858,False
2025-11-17,212.0,215.71428571428572,False
2025-11-18,197.0,213.14285714285714,False
2025-11-19,210.0,207.85714285714286,False
2025-11-20,207.0,213.14285714285714,False
2025-11-21,206.0,210.0,False
2025-11-22,195.0,205.85714285714286,False
2025-11-23,265.0,200.28571428571428,False
2025-11-24,190.0,198.0,False
2025-11-25,168.0,202.28571428571428,False
2025-11-26,171.0,213.14285714285714,False
2025-11-27,191.0,208.57142857142858,False
2025-11-28,236.0,212.71428571428572,False
2025-11-29,271.0,213.0,False
2025-11-30,233.0,218.28571428571428,False
2025-12-01,219.0,219.71428571428572,False
2025-12-02,170.0,218.57142857142858,False
2025-12-03,208.0,213.85714285714286,False
2025-12-04,201.0,215.57142857142858,False
2025-12-05,228.0,217.42857142857142,False
2025-12-06,238.0,223.14285714285714,False
2025-12-07,245.0,220.28571428571428,False
2025-12-08,232.0,217.85714285714286,False
2025-12-09,210.0,225.42857142857142,False
2025-12-10,188.0,229.85714285714286,False
2025-12-11,184.0,232.71428571428572,False
2025-12-12,281.0,228.14285714285714,False
2025-12-13,269.0,225.42857142857142,False
2025-12-14,265.0,229.57142857142858,False
2025-12-15,200.0,233.14285714285714,False
2025-12-16,191.0,231.57142857142858,False
2025-12-17,217.0,233.85714285714286,False
2025-12-18,209.0,231.85714285714286,False
2025-12-19,270.0,238.28571428571428,False
2025-12-20,285.0,244.0,False
2025-12-21,251.0,242.14285714285714,False
2025-12-22,245.0,239.14285714285714,False
2025-12-23,231.0,228.57142857142858,False
2025-12-24,204.0,216.28571428571428,False
2025-12-25,188.0,208.14285714285714,False
2025-12-26,196.0,200.14285714285714,False
2025-12-27,199.0,196.14285714285714,False
2025-12-28,194.0,192.42857142857142,False
2025-12-29,189.0,193.42857142857142,False
2025-12-30,203.0,191.85714285714286,False
2025-12-31,178.0,192.42857142857142,False
2026-01-01,195.0,194.71428571428572,False
2026-01-02,185.0,194.28571428571428,False
2026-01-03,203.0,187.0,False
2026-01-04,210.0,186.42857142857142,False
2026-01-05,186.0,182.85714285714286,False
2026-01-06,152.0,181.0,False
2026-01-07,174.0,183.14285714285714,False
2026-01-08,170.0,182.71428571428572,False
2026-01-09,172.0,181.57142857142858,False
2026-01-10,218.0,179.42857142857142,False
2026-01-11,207.0,179.28571428571428,False
2026-01-12,178.0,180.0,False
2026-01-13,137.0,182.85714285714286,False
2026-01-14,173.0,184.42857142857142,False
2026-01-15,175.0,190.14285714285714,False
2026-01-16,192.0,192.14285714285714,False
2026-01-17,229.0,194.57142857142858,False
2026-01-18,247.0,199.85714285714286,False
2026-01-19,192.0,199.42857142857142,False
2026-01-20,154.0,201.42857142857142,False
2026-01-21,210.0,197.57142857142858,False
2026-01-22,172.0,190.14285714285714,False
2026-01-23,206.0,184.85714285714286,False
2026-01-24,202.0,186.57142857142858,False
2026-01-25,195.0,181.14285714285714,False
2026-01-26,155.0,182.28571428571428,False
2026-01-27,166.0,183.28571428571428,False
2026-01-28,172.0,183.57142857142858,False
2026-01-29,180.0,183.28571428571428,False
2026-01-30,213.0,189.85714285714286,False
2026-01-31,204.0,196.14285714285714,False
2026-02-01,193.0,197.0,False
2026-02-02,201.0,196.42857142857142,False
2026-02-03,210.0,196.28571428571428,False
2026-02-04,178.0,201.42857142857142,False
2026-02-05,176.0,209.42857142857142,False
2026-02-06,212.0,208.71428571428572,False
2026-02-07,240.0,204.0,False
2026-02-08,249.0,204.85714285714286,False
2026-02-09,196.0,208.71428571428572,False
2026-02-10,177.0,218.57142857142858,False
2026-02-11,184.0,219.57142857142858,False
2026-02-12,203.0,212.0,False
2026-02-13,281.0,204.71428571428572,False
2026-02-14,247.0,206.42857142857142,False
2026-02-15,196.0,209.57142857142858,False
2026-02-16,145.0,204.28571428571428,False
2026-02-17,189.0,194.71428571428572,False
2026-02-18,206.0,187.28571428571428,False
2026-02-19,166.0,187.71428571428572,False
2026-02-20,214.0,195.28571428571428,False
2026-02-21,195.0,191.57142857142858,False
2026-02-22,199.0,185.85714285714286,False
2026-02-23,198.0,189.85714285714286,False
2026-02-24,163.0,191.14285714285714,False
2026-02-25,166.0,191.14285714285714,False
2026-02-26,194.0,189.14285714285714,False
2026-02-27,223.0,184.28571428571428,False
2026-02-28,195.0,187.14285714285714,False
2026-03-01,185.0,188.28571428571428,False
2026-03-02,164.0,186.14285714285714,False
2026-03-03,183.0,186.71428571428572,False
2026-03-04,174.0,190.14285714285714,False
2026-03-05,179.0,197.0,False
2026-03-06,227.0,203.0,False
2026-03-07,219.0,208.28571428571428,False
2026-03-08,233.0,208.85714285714286,False
2026-03-09,206.0,210.0,False
2026-03-10,220.0,208.85714285714286,False
2026-03-11,178.0,207.57142857142858,False
2026-03-12,187.0,203.71428571428572,False
2026-03-13,219.0,202.85714285714286,False
2026-03-14,210.0,196.42857142857142,False
2026-03-15,206.0,196.71428571428572,False
2026-03-16,200.0,198.28571428571428,False
2026-03-17,175.0,199.57142857142858,False
2026-03-18,180.0,196.71428571428572,False
2026-03-19,198.0,198.85714285714286,False
2026-03-20,228.0,196.57142857142858,False
2026-03-21,190.0,194.42857142857142,False
2026-03-22,221.0,192.57142857142858,False
2026-03-23,184.0,194.14285714285714,False
2026-03-24,160.0,193.14285714285714,False
2026-03-25,167.0,199.0,False
2026-03-26,209.0,194.42857142857142,False
2026-03-27,221.0,198.14285714285714,False
2026-03-28,231.0,201.0,False
2026-03-29,189.0,205.42857142857142,False
2026-03-30,210.0,206.14285714285714,False
2026-03-31,180.0,196.85714285714286,False
2026-04-01,198.0,192.0,False
2026-04-02,214.0,201.28571428571428,False
2026-04-03,156.0,202.57142857142858,False
2026-04-04,197.0,204.57142857142858,False
2026-04-05,254.0,202.42857142857142,False
2026-04-06,219.0,194.28571428571428,False
2026-04-07,194.0,202.57142857142858,False
2026-04-08,183.0,207.85714285714286,False
2026-04-09,157.0,202.28571428571428,False
2026-04-10,214.0,197.85714285714286,False
2026-04-11,234.0,195.0,False
2026-04-12,215.0,194.42857142857142,False
2026-04-13,188.0,200.28571428571428,False
2026-04-14,174.0,205.14285714285714,False
2026-04-15,179.0,202.85714285714286,False
2026-04-16,198.0,207.14285714285714,False
2026-04-17,248.0,204.0,False
2026-04-18,218.0,203.57142857142858,False
2026-04-19,245.0,207.42857142857142,False
2026-04-20,166.0,204.0,False
2026-04-21,171.0,193.85714285714286,False
2026-04-22,206.0,188.14285714285714,False
2026-04-23,174.0,184.42857142857142,False
2026-04-24,177.0,187.42857142857142,False
2026-04-25,178.0,188.57142857142858,False
2026-04-26,219.0,184.57142857142858,False
2026-04-27,187.0,197.14285714285714,False
2026-04-28,179.0,202.71428571428572,False
2026-04-29,178.0,205.42857142857142,False
2026-04-30,262.0,206.71428571428572,False
2026-05-01,216.0,209.42857142857142,False
2026-05-02,197.0,209.14285714285714,False
2026-05-03,228.0,210.0,False
2026-05-04,206.0,198.0,False
2026-05-05,177.0,200.28571428571428,False
2026-05-06,184.0,207.14285714285714,False
2026-05-07,178.0,210.57142857142858,False
2026-05-08,232.0,211.85714285714286,False
2026-05-09,245.0,211.57142857142858,False
2026-05-10,252.0,206.71428571428572,False
2026-05-11,215.0,205.57142857142858,False
2026-05-12,175.0,203.42857142857142,False
2026-05-13,150.0,199.71428571428572,False
2026-05-14,170.0,195.28571428571428,False
2026-05-15,217.0,193.0,False
2026-05-16,219.0,189.28571428571428,False
2026-05-17,221.0,191.28571428571428,False
2026-05-18,199.0,193.57142857142858,False
2026-05-19,149.0,188.0,False
2026-05-20,164.0,184.28571428571428,False
2026-05-21,186.0,185.14285714285714,False
2026-05-22,178.0,183.42857142857142,False
2026-05-23,193.0,185.28571428571428,False
2026-05-24,227.0,180.42857142857142,False
2026-05-25,187.0,165.71428571428572,False
2026-05-26,162.0,155.28571428571428,False
2026-05-27,130.0,143.0,False
2026-05-28,83.0,117.85714285714286,True
2026-05-29,105.0,96.14285714285714,True
2026-05-30,107.0,78.71428571428571,True
2026-05-31,51.0,77.28571428571429,True
2026-06-01,35.0,86.28571428571429,True
2026-06-02,40.0,92.85714285714286,True
2026-06-03,120.0,101.42857142857143,True
2026-06-04,146.0,129.71428571428572,True
2026-06-05,151.0,153.14285714285714,False
2026-06-06,167.0,172.42857142857142,False
2026-06-07,249.0,180.42857142857142,False
2026-06-08,199.0,189.85714285714286,False
2026-06-09,175.0,203.71428571428572,False
2026-06-10,176.0,209.42857142857142,False
2026-06-11,212.0,207.0,False
2026-06-12,248.0,205.28571428571428,False
2026-06-13,207.0,206.28571428571428,False
2026-06-14,232.0,208.0,False
2026-06-15,187.0,202.42857142857142,False
2026-06-16,182.0,197.14285714285714,False
2026-06-17,188.0,197.57142857142858,False
2026-06-18,173.0,191.57142857142858,False
2026-06-19,211.0,192.42857142857142,False
2026-06-20,210.0,191.14285714285714,False
2026-06-21,190.0,186.14285714285714,False
2026-06-22,193.0,175.42857142857142,False
2026-06-23,173.0,152.28571428571428,False
2026-06-24,153.0,131.57142857142858,True
2026-06-25,98.0,104.85714285714286,True
2026-06-26,49.0,77.42857142857143,True
2026-06-27,65.0,52.857142857142854,True
2026-06-28,3.0,31.0,True
2026-06-29,1.0,17.0,True
2026-06-30,1.0,10.571428571428571,True
2026-07-01,0.0,1.2857142857142858,True
2026-07-02,0.0,0.8571428571428571,True
2026-07-03,4.0,0.7142857142857143,True
2026-07-04,0.0,0.5714285714285714,True
2026-07-05,0.0,0.7142857142857143,True
2026-07-06,0.0,0.7142857142857143,True
2026-07-07,0.0,0.5714285714285714,True
2026-07-08,1.0,1.0,True
2026-07-09,0.0,1.1428571428571428,True
2026-07-10,3.0,1.4285714285714286,True
2026-07-11,3.0,1.4285714285714286,True
2026-07-12,1.0,1.7142857142857142,True
2026-07-13,2.0,1.8571428571428572,True
2026-07-14,0.0,1.8571428571428572,True
2026-07-15,3.0,2.4285714285714284,True
2026-07-16,1.0,2.7142857142857144,True
2026-07-17,3.0,3.142857142857143,True
2026-07-18,7.0,3.5714285714285716,True
2026-07-19,3.0,4.142857142857143,True
2026-07-20,5.0,4.285714285714286,True
2026-07-21,3.0,4.571428571428571,True
2026-07-22,7.0,4.571428571428571,True
2026-07-23,2.0,5.0,True
2026-07-24,5.0,5.142857142857143,True
2026-07-25,7.0,5.571428571428571,True
2026-07-26,6.0,5.571428571428571,True
2026-07-27,6.0,7.571428571428571,True
2026-07-28,6.0,9.857142857142858,True
2026-07-29,7.0,10.333333333333334,True
2026-07-30,16.0,11.2,True
2026-07-31,21.0,12.5,True
